PROD #,RETAIL UPC,BRAND,TYPE,Supplier,Package,,,START,END,QUANTITY,REG.,DISC.,PROM.,UNIT,TYPE,COMMENTS
,,,,,Packs,Units,oz,DATE,DATE,,PRICE,,PRICE,COST,,
1950,080020242215,Abita Amber,Bottle,Abita Brewing,4,6,12,1/1/16,12/31/16,1,$31.98,$0.00,$31.98,$7.9950,Original,
1973,080020410072,Abita Big Easy IPA,Bottle,Abita Brewing,4,6,12,10/2/2016,11/26/2016,1,$31.98,$4.86,$27.12,$6.7800,Change,
1974,080020117063,Abita Blueberry Harvest Wheat,Bottle,Abita Brewing,4,6,12,10/2/2016,11/26/2016,1,$31.98,$4.86,$27.12,$6.7800,New,Mix and Match
1959,080020353331,Abita Christmas Ale,Bottle,Abita Brewing,4,6,12,10/2/2016,11/26/2016,1,$31.98,$4.86,$27.12,$6.7800,Delete,
1977,080020117063,Abita Grapefruit Harvest,Bottle,Abita Brewing,4,6,12,10/2/2016,11/26/2016,1,$31.98,$4.86,$27.12,$6.7800,Original,
1981,080020117063,Abita Grapefruit Honey,Bottle,Abita Brewing,4,6,12,10/2/2016,11/26/2016,1,$31.98,$4.86,$27.12,$6.7800,Original,
1984,080020353331,Abita Louisiana Spiced Ale,Bottle,Abita Brewing,4,6,12,10/2/2016,11/26/2016,1,$31.98,$4.86,$27.12,$6.7800,Original,
1960,080020353331,Abita Mardi Gras Bock,Bottle,Abita Brewing,4,6,12,10/2/2016,11/26/2016,1,$31.98,$4.86,$27.12,$6.7800,Original,
1979,080020117063,Abita Peach Harvest,Bottle,Abita Brewing,4,6,12,10/2/2016,11/26/2016,1,$31.98,$4.86,$27.12,$6.7800,Original,
1962,080020117063,Abita Pecan Harvest,Bottle,Abita Brewing,4,6,12,10/2/2016,11/26/2016,1,$31.98,$4.86,$27.12,$6.7800,Original,
1953,080020422303,Abita Purple Haze,Bottle,Abita Brewing,4,6,12,10/2/2016,11/26/2016,1,$31.98,$4.82,$27.16,$6.7900,Original,
1980,080020116066,Abita Restoration Ale,Bottle,Abita Brewing,4,6,12,10/2/2016,11/26/2016,1,$31.98,$4.82,$27.16,$6.7900,Original,
1971,080020353331,Abita Spring IPA,Bottle,Abita Brewing,4,6,12,10/2/2016,11/26/2016,1,$31.98,$4.82,$27.16,$6.7900,Original,
1965,080020117063,Abita Strawberry Harvest Lager,Bottle,Abita Brewing,4,6,12,10/2/2016,11/26/2016,1,$31.98,$4.82,$27.16,$6.7900,Original,
1956,080020353324,Abita Turbodog,Bottle,Abita Brewing,4,6,12,10/2/2016,11/26/2016,1,$31.98,$4.82,$27.16,$6.7900,Original,
1972,080020117070,Abita Wrought Iron,Bottle,Abita Brewing,4,6,12,10/2/2016,11/26/2016,1,$31.98,$4.82,$27.16,$6.7900,Original,
2815,087692003106,Angry Orch Stone Dry,Bottle,Boston Beer Co Inc,4,6,12,10/2/2016,11/26/2016,1,$31.98,$1.66,$30.32,$7.5800,Original,
2816,087692841029,Angry Orchard Apple Ginger,Bottle,Boston Beer Co Inc,4,6,12,10/2/2016,11/26/2016,1,$31.98,$1.66,$30.32,$7.5800,Original,
2821,087692000792,Angry Orchard Cinnful Apple,Bottle,Boston Beer Co Inc,4,6,12,10/2/2016,11/26/2016,1,$31.98,$1.66,$30.32,$7.5800,Original,
2810,087692821021,Angry Orchard Crisp Apple,Bottle,Boston Beer Co Inc,4,6,12,10/2/2016,11/26/2016,1,$31.98,$1.66,$30.32,$7.5800,Original,
2811,087692000334,Angry Orchard Crisp Apple,Bottle,Boston Beer Co Inc,2,12,12,11/13/2016,12/31/2016,1,$30.38,$3.20,$27.18,$13.5900,Original,
2832,087692000839,Angry Orchard Crisp Apple,Can,Boston Beer Co Inc,2,12,12,11/13/2016,12/31/2016,1,$30.38,$3.20,$27.18,$13.5900,Original,
2818,087692000174,Angry Orchard Fall Variety,Bottle,Boston Beer Co Inc,2,12,12,11/13/2016,12/31/2016,1,$30.38,$3.20,$27.18,$13.5900,Original,
2825,087692001492,Angry Orchard Green Apple,Bottle,Boston Beer Co Inc,4,6,12,10/2/2016,11/26/2016,1,$31.98,$1.66,$30.32,$7.5800,Original,
2828,087692001508,Angry Orchard Green Apple,Bottle,Boston Beer Co Inc,2,12,12,11/13/2016,12/31/2016,1,$30.38,$3.20,$27.18,$13.5900,Original,
2826,087692002550,Angry Orchard Hop'n Mad Apple,Bottle,Boston Beer Co Inc,4,6,12,10/2/2016,11/26/2016,1,$31.98,$1.66,$30.32,$7.5800,Original,
2823,087692000174,Angry Orchard Spring Variety,Bottle,Boston Beer Co Inc,2,12,12,11/13/2016,12/31/2016,1,$30.38,$3.20,$27.18,$13.5900,Original,
2827,087692000792,Angry Orchard Summer Honey,Bottle,Boston Beer Co Inc,4,6,12,10/2/2016,11/26/2016,1,$31.98,$1.66,$30.32,$7.5800,Original,
1148,887151003025,Coney Island Ginger Ale,Bottle,Boston Beer Co Inc,4,6,12,10/2/2016,12/31/2016,1,$35.16,$3.18,$31.98,$7.9950,Original,
1126,887151002134,Coney Island Hard Root Beer,Bottle,Boston Beer Co Inc,4,6,12,10/2/2016,12/31/2016,1,$35.16,$3.18,$31.98,$7.9950,Original,
1149,887151003124,Coney Island Orange Cream Ale,Bottle,Boston Beer Co Inc,4,6,12,10/2/2016,12/31/2016,1,$35.16,$3.18,$31.98,$7.9950,Original,
1028,087692000044,Sam Adams 20 Pounds Of Pumpkin,Bottle,Boston Beer Co Inc,4,6,12,10/2/2016,11/26/2016,1,$31.98,$1.66,$30.32,$7.5800,Original,
1005,087692100126,Sam Adams Boston Lager,Bottle,Boston Beer Co Inc,4,6,12,10/2/2016,11/26/2016,1,$31.98,$1.66,$30.32,$7.5800,Original,
1006,087692100140,Sam Adams Boston Lager,Bottle,Boston Beer Co Inc,2,12,12,11/13/2016,12/31/2016,1,$30.38,$3.20,$27.18,$13.5900,Original,
1008,087692001058,Sam Adams Boston Lager,Can,Boston Beer Co Inc,2,12,12,11/13/2016,12/31/2016,1,$30.38,$3.20,$27.18,$13.5900,Original,
1010,087692001027,Sam Adams Brewmaster Hop Tour,Bottle,Boston Beer Co Inc,4,6,12,10/2/2016,11/26/2016,1,$31.98,$1.66,$30.32,$7.5800,Original,
1062,087692271024,Sam Adams Cherry Wheat,Bottle,Boston Beer Co Inc,4,6,12,10/2/2016,11/26/2016,1,$31.98,$1.66,$30.32,$7.5800,Original,
1047,087692003540,Sam Adams Coffee Stout,Can,Boston Beer Co Inc,6,4,15,11/27/2016,12/31/2016,1,$52.74,$4.74,$48.00,$8.0000,Original,
1047,087692003540,Sam Adams Coffee Stout,Can,Boston Beer Co Inc,6,4,15,10/2/2016,11/26/2016,1,$52.74,$9.59,$43.15,$7.1917,Original,
1055,087692300502,Sam Adams Cold Snap,Bottle,Boston Beer Co Inc,4,6,12,10/2/2016,11/26/2016,1,$31.98,$1.66,$30.32,$7.5800,Original,
1056,087692011033,Sam Adams Cold Snap,Bottle,Boston Beer Co Inc,2,12,12,11/13/2016,12/31/2016,1,$30.38,$3.20,$27.18,$13.5900,Original,
1046,087692001096,Sam Adams Cold Snap,Can,Boston Beer Co Inc,2,12,12,11/13/2016,12/31/2016,1,$30.38,$3.20,$27.18,$13.5900,Original,
1087,087692000044,Sam Adams Crystal Pale Ale,Bottle,Boston Beer Co Inc,4,6,12,10/2/2016,11/26/2016,1,$31.98,$1.66,$30.32,$7.5800,Original,
1076,087692002666,Sam Adams Downtime Pilsner,Bottle,Boston Beer Co Inc,4,6,12,10/2/2016,11/26/2016,1,$31.98,$1.66,$30.32,$7.5800,Original,
1037,087692000044,Sam Adams Escape Route,Bottle,Boston Beer Co Inc,4,6,12,10/2/2016,11/26/2016,1,$31.98,$1.66,$30.32,$7.5800,Original,
1038,087692291039,Sam Adams Fall Variety,Bottle,Boston Beer Co Inc,2,12,12,11/13/2016,12/31/2016,1,$30.38,$3.20,$27.18,$13.5900,Original,
1052,087692003564,Sam Adams Nitro IPA,Can,Boston Beer Co Inc,6,4,15,11/27/2016,12/31/2016,1,$52.74,$4.74,$48.00,$8.0000,Original,
1052,087692003564,Sam Adams Nitro IPA,Can,Boston Beer Co Inc,6,4,15,10/2/2016,11/26/2016,1,$52.74,$9.59,$43.15,$7.1917,Original,
1051,087692003519,Sam Adams Nitro White Ale,Can,Boston Beer Co Inc,6,4,15,11/27/2016,12/31/2016,1,$52.74,$4.74,$48.00,$8.0000,Original,
1051,087692003519,Sam Adams Nitro White Ale,Can,Boston Beer Co Inc,6,4,15,10/2/2016,11/26/2016,1,$52.74,$9.59,$43.15,$7.1917,Original,
1040,087692300502,Sam Adams Octoberfest,Bottle,Boston Beer Co Inc,4,6,12,10/2/2016,11/26/2016,1,$31.98,$1.66,$30.32,$7.5800,Original,
1041,087692011033,Sam Adams Octoberfest,Bottle,Boston Beer Co Inc,2,12,12,11/13/2016,12/31/2016,1,$30.38,$3.20,$27.18,$13.5900,Original,
1043,087692001096,Sam Adams Octoberfest,Can,Boston Beer Co Inc,2,12,12,11/13/2016,12/31/2016,1,$30.38,$3.20,$27.18,$13.5900,Original,
1085,087692003007,Sam Adams Pack Of Rebels,Can,Boston Beer Co Inc,2,12,12,11/13/2016,12/31/2016,1,$30.38,$3.20,$27.18,$13.5900,Original,
1044,087692000044,Sam Adams Porch Rocker,Bottle,Boston Beer Co Inc,4,6,12,10/2/2016,11/26/2016,1,$31.98,$1.66,$30.32,$7.5800,Original,
1034,087692003434,Sam Adams Rebel Grapefruit IPA,Bottle,Boston Beer Co Inc,4,6,12,10/2/2016,11/26/2016,1,$31.98,$1.66,$30.32,$7.5800,Original,
1023,087692001270,Sam Adams Rebel IPA,Bottle,Boston Beer Co Inc,4,6,12,10/2/2016,11/26/2016,1,$31.98,$1.66,$30.32,$7.5800,Original,
1024,087692001294,Sam Adams Rebel IPA,Bottle,Boston Beer Co Inc,2,12,12,11/13/2016,12/31/2016,1,$30.38,$3.20,$27.18,$13.5900,Original,
1073,087692001744,Sam Adams Rebel IPA,Can,Boston Beer Co Inc,2,12,12,11/13/2016,12/31/2016,1,$30.38,$3.20,$27.18,$13.5900,Original,
1072,087692002932,Sam Adams Rebel Rider Session IPA,Bottle,Boston Beer Co Inc,2,12,12,11/13/2016,12/31/2016,1,$30.38,$3.20,$27.18,$13.5900,Original,
1057,087692291039,Sam Adams Spring Variety,Bottle,Boston Beer Co Inc,2,12,12,11/13/2016,12/31/2016,1,$30.38,$3.20,$27.18,$13.5900,Original,
1020,087692300502,Sam Adams Summer Ale,Bottle,Boston Beer Co Inc,4,6,12,10/2/2016,11/26/2016,1,$31.98,$1.66,$30.32,$7.5800,Original,
1021,087692011033,Sam Adams Summer Ale,Bottle,Boston Beer Co Inc,2,12,12,11/13/2016,12/31/2016,1,$30.38,$3.20,$27.18,$13.5900,Original,
1035,087692001096,Sam Adams Summer Ale,Can,Boston Beer Co Inc,2,12,12,11/13/2016,12/31/2016,1,$30.38,$3.20,$27.18,$13.5900,Original,
1025,087692291039,Sam Adams Summer Variety,Bottle,Boston Beer Co Inc,2,12,12,11/13/2016,12/31/2016,1,$30.38,$3.20,$27.18,$13.5900,Original,
1078,087692003588,Sam Adams Summer Variety,Can,Boston Beer Co Inc,2,12,12,11/13/2016,12/31/2016,1,$30.38,$3.20,$27.18,$13.5900,Original,
1032,087692000044,Sam Adams White Christmas,Bottle,Boston Beer Co Inc,4,6,12,10/2/2016,11/26/2016,1,$31.98,$1.66,$30.32,$7.5800,Original,
1030,087692300502,Sam Adams Winter Lager,Bottle,Boston Beer Co Inc,4,6,12,10/2/2016,11/26/2016,1,$31.98,$1.66,$30.32,$7.5800,Original,
1031,087692011033,Sam Adams Winter Lager,Bottle,Boston Beer Co Inc,2,12,12,11/13/2016,12/31/2016,1,$30.38,$3.20,$27.18,$13.5900,Original,
1029,087692001096,Sam Adams Winter Lager,Can,Boston Beer Co Inc,2,12,12,11/13/2016,12/31/2016,1,$30.38,$3.20,$27.18,$13.5900,Original,
1036,087692291039,Sam Adams Winter Variety,Bottle,Boston Beer Co Inc,2,12,12,11/13/2016,12/31/2016,1,$30.38,$3.20,$27.18,$13.5900,Original,
1090,087692004172,Truly Colima Lime,Bottle,Boston Beer Co Inc,4,6,12,10/30/2016,12/31/2016,1,$31.98,$3.22,$28.76,$7.1900,Original,
1091,087692004202,Truly Grapefruit & Pomelo,Bottle,Boston Beer Co Inc,4,6,12,10/30/2016,12/31/2016,1,$31.98,$3.22,$28.76,$7.1900,Original,
1093,087692004141,Truly Pomegranate,Bottle,Boston Beer Co Inc,4,6,12,10/30/2016,12/31/2016,1,$31.98,$3.22,$28.76,$7.1900,Original,
1094,087692004455,Truly Variety,Bottle,Boston Beer Co Inc,2,12,12,10/2/2016,12/31/2016,1,$25.58,$1.60,$23.98,$11.9900,Original,
1104,087692003137,Twisted Tea Bourbon Barrel Aged,Bottle,Boston Beer Co Inc,4,6,12,10/30/2016,12/31/2016,1,$27.18,$3.22,$23.96,$5.9900,Original,
1114,087692751021,Twisted Tea Half & Half,Bottle,Boston Beer Co Inc,4,6,12,10/30/2016,12/31/2016,1,$27.18,$3.22,$23.96,$5.9900,Original,
1110,087692831020,Twisted Tea Original,Bottle,Boston Beer Co Inc,4,6,12,10/30/2016,12/31/2016,1,$27.18,$3.22,$23.96,$5.9900,Original,
1113,087692831341,Twisted Tea Original,Can,Boston Beer Co Inc,2,12,12,10/2/2016,12/31/2016,1,$22.38,$0.80,$21.58,$10.7900,Original,
5014,726959906476,Boulevard 80 Acre Hoppy Wheat,Bottle,Boulevard Brewing Co,4,6,12,10/30/2016,12/31/2016,1,$31.98,$3.22,$28.76,$7.1900,Original,
5016,726959906704,Boulevard Pop Up Session IPA,Bottle,Boulevard Brewing Co,4,6,12,10/30/2016,12/31/2016,1,$31.98,$3.22,$28.76,$7.1900,Original,
5034,726959907374,Boulevard Pop Up Session IPA,Can,Boulevard Brewing Co,4,6,12,10/30/2016,12/31/2016,1,$31.98,$3.22,$28.76,$7.1900,Original,
5024,726959902515,Boulevard Sampler,Bottle,Boulevard Brewing Co,2,12,12,10/30/2016,12/31/2016,1,$28.80,$3.22,$25.58,$12.7900,Original,
5012,726959902003,Boulevard Single Wide IPA,Bottle,Boulevard Brewing Co,4,6,12,10/30/2016,12/31/2016,1,$31.98,$3.22,$28.76,$7.1900,Original,
5011,726959901204,Boulevard Unfiltered Wheat,Bottle,Boulevard Brewing Co,4,6,12,10/30/2016,12/31/2016,1,$31.98,$3.22,$28.76,$7.1900,Original,
1421,080660956152,Corona Extra,Bottle,Constellation Brands,2,12,12,10/2/2016,12/31/2016,15,$27.05,$1.47,$25.58,$12.7900,Original,
1416,080660956954,Corona Extra,Can,Constellation Brands,2,12,12,10/2/2016,12/31/2016,15,$27.05,$1.47,$25.58,$12.7900,Original,
1411,080660956800,Corona Extra,Bottle,Constellation Brands,1,18,12,10/2/2016,12/31/2016,1,$22.09,$2.94,$19.15,$19.1500,Original,
1433,033544950029,Corona Extra,Can,Constellation Brands,1,18,12,10/2/2016,12/31/2016,1,$22.09,$2.94,$19.15,$19.1500,Original,
1426,080660956756,Corona Light,Bottle,Constellation Brands,2,12,12,10/2/2016,12/31/2016,15,$27.05,$1.47,$25.58,$12.7900,Original,
1430,080660956213,Corona Light,Can,Constellation Brands,2,12,12,10/2/2016,12/31/2016,15,$27.05,$1.47,$25.58,$12.7900,Original,
1431,080660956237,Corona Light,Bottle,Constellation Brands,1,18,12,10/2/2016,12/31/2016,1,$22.09,$2.94,$19.15,$19.1500,Original,
1427,080660956282,Corona Light,Bottle,Constellation Brands,1,24,12,10/2/2016,12/31/2016,1,$26.71,$2.01,$24.70,$24.7000,Original,
1447,080660957579,Modelo Especial,Bottle,Constellation Brands,2,12,12,10/2/2016,12/31/2016,15,$27.05,$1.47,$25.58,$12.7900,Original,
1450,080660957111,Modelo Especial,Can,Constellation Brands,1,18,12,10/2/2016,12/31/2016,1,$18.40,$0.82,$17.58,$17.5800,Original,
1439,080660957876,Negra Modelo,Bottle,Constellation Brands,2,12,12,10/2/2016,12/31/2016,15,$27.05,$1.47,$25.58,$12.7900,Original,
1436,080660953151,Pacifico,Bottle,Constellation Brands,2,12,12,10/2/2016,12/31/2016,15,$27.05,$1.47,$25.58,$12.7900,Original,
1225,082000762003,Smirnoff Hurricane Punch,Bottle,Diageo-Guinness Usa,4,6,11.2,10/2/2016,12/31/2016,1,$28.30,$4.32,$23.98,$5.9950,Original,
1177,082000725695,Smirnoff Ice,Bottle,Diageo-Guinness Usa,12,1,24,10/2/2016,12/31/2016,5,$23.83,$4.73,$19.10,$1.5917,Original,
1175,082000723851,Smirnoff Ice,Bottle,Diageo-Guinness Usa,4,6,11.2,10/2/2016,12/31/2016,1,$28.30,$4.32,$23.98,$5.9950,Original,
1217,082000766650,Smirnoff Ice,Can,Diageo-Guinness Usa,2,12,12,11/6/2016,11/19/2016,1,$25.58,$1.60,$23.98,$11.9900,Original,
1217,082000766650,Smirnoff Ice,Can,Diageo-Guinness Usa,2,12,12,12/4/2016,12/31/2016,1,$25.58,$1.60,$23.98,$11.9900,Original,
1210,082000732143,Smirnoff Ice Grape,Bottle,Diageo-Guinness Usa,4,6,11.2,10/2/2016,12/31/2016,1,$28.30,$4.32,$23.98,$5.9950,Original,
1205,082000729020,Smirnoff Ice Green Apple,Bottle,Diageo-Guinness Usa,12,1,24,10/2/2016,12/31/2016,5,$23.83,$4.73,$19.10,$1.5917,Original,
1204,082000727514,Smirnoff Ice Green Apple,Bottle,Diageo-Guinness Usa,4,6,11.2,10/2/2016,12/31/2016,1,$28.30,$4.32,$23.98,$5.9950,Original,
1194,082000762003,Smirnoff Ice Moscow Mule,Bottle,Diageo-Guinness Usa,4,6,11.2,10/2/2016,12/31/2016,1,$28.30,$4.32,$23.98,$5.9950,Original,
1213,082000729082,Smirnoff Ice Party Pack,Bottle,Diageo-Guinness Usa,2,12,11.2,10/9/2016,10/22/2016,1,$25.58,$1.60,$23.98,$11.9900,Original,
1213,082000729082,Smirnoff Ice Party Pack,Bottle,Diageo-Guinness Usa,2,12,11.2,11/13/2016,11/26/2016,1,$25.58,$1.60,$23.98,$11.9900,Original,
1213,082000729082,Smirnoff Ice Party Pack,Bottle,Diageo-Guinness Usa,2,12,11.2,12/18/2016,12/31/2016,1,$25.58,$1.60,$23.98,$11.9900,Original,
1203,082000766001,Smirnoff Ice Peach Bellini,Bottle,Diageo-Guinness Usa,4,6,11.2,10/2/2016,12/31/2016,1,$28.30,$4.32,$23.98,$5.9950,Original,
1191,082000762126,Smirnoff Ice Screwdriver,Bottle,Diageo-Guinness Usa,12,1,24,10/2/2016,12/31/2016,5,$23.83,$4.73,$19.10,$1.5917,Original,
1196,082000757481,Smirnoff Ice Screwdriver,Bottle,Diageo-Guinness Usa,4,6,11.2,10/2/2016,12/31/2016,1,$28.30,$4.32,$23.98,$5.9950,Original,
1290,082000762003,Smirnoff Ice Strawberry Bellini,Bottle,Diageo-Guinness Usa,4,6,11.2,10/2/2016,12/31/2016,1,$28.30,$4.32,$23.98,$5.9950,Original,
1198,082000773696,Smirnoff Ice Watermelon Mimosa,Bottle,Diageo-Guinness Usa,4,6,11.2,10/2/2016,12/31/2016,1,$28.30,$4.32,$23.98,$5.9950,Original,
1215,082000762003,Smirnoff Sparkling Pink Grapefruit,Bottle,Diageo-Guinness Usa,4,6,11.2,10/2/2016,12/31/2016,1,$28.30,$4.32,$23.98,$5.9950,Original,
8309,612620271120,Foothills Hop Job Session IPA,Bottle,Foothills Brewing,4,6,12,10/2/2016,10/29/2016,1,$31.98,$3.22,$28.76,$7.1900,Original,
8309,612620271120,Foothills Hop Job Session IPA,Bottle,Foothills Brewing,4,6,12,12/4/2016,12/31/2016,1,$31.98,$3.22,$28.76,$7.1900,Original,
8301,612620201127,Foothills Hoppyum IPA,Bottle,Foothills Brewing,4,6,12,10/2/2016,10/29/2016,1,$31.98,$3.22,$28.76,$7.1900,Original,
8301,612620201127,Foothills Hoppyum IPA,Bottle,Foothills Brewing,4,6,12,12/4/2016,12/31/2016,1,$31.98,$3.22,$28.76,$7.1900,Original,
8315,612620201134,Foothills Hoppyum IPA,Bottle,Foothills Brewing,2,12,12,11/6/2016,11/26/2016,1,$30.35,$3.17,$27.18,$13.5900,Original,
8315,612620201134,Foothills Hoppyum IPA,Bottle,Foothills Brewing,2,12,12,10/30/2016,11/5/2016,1,$30.35,$4.77,$25.58,$12.7900,Original,
8311,612620271137,Foothills Oktoberfest,Bottle,Foothills Brewing,2,12,12,11/6/2016,11/26/2016,1,$30.35,$3.17,$27.18,$13.5900,Original,
8311,612620271137,Foothills Oktoberfest,Bottle,Foothills Brewing,2,12,12,10/30/2016,11/5/2016,1,$30.35,$4.77,$25.58,$12.7900,Original,
8303,612620241123,Foothills People's Porter,Bottle,Foothills Brewing,4,6,12,10/2/2016,10/29/2016,1,$31.98,$3.22,$28.76,$7.1900,Original,
8303,612620241123,Foothills People's Porter,Bottle,Foothills Brewing,4,6,12,12/4/2016,12/31/2016,1,$31.98,$3.22,$28.76,$7.1900,Original,
8307,612620271120,Foothills Pilot Mountain Pale Ale,Bottle,Foothills Brewing,4,6,12,10/2/2016,10/29/2016,1,$31.98,$3.22,$28.76,$7.1900,Original,
8307,612620271120,Foothills Pilot Mountain Pale Ale,Bottle,Foothills Brewing,4,6,12,12/4/2016,12/31/2016,1,$31.98,$3.22,$28.76,$7.1900,Original,
8319,612620271137,Foothills Pilot Mountain Pale Ale,Bottle,Foothills Brewing,2,12,12,11/6/2016,11/26/2016,1,$30.35,$3.17,$27.18,$13.5900,Original,
8319,612620271137,Foothills Pilot Mountain Pale Ale,Bottle,Foothills Brewing,2,12,12,10/30/2016,11/5/2016,1,$30.35,$4.77,$25.58,$12.7900,Original,
8305,612620231124,Foothills Torch Pilsner,Bottle,Foothills Brewing,4,6,12,10/2/2016,10/29/2016,1,$31.98,$3.22,$28.76,$7.1900,Original,
8305,612620231124,Foothills Torch Pilsner,Bottle,Foothills Brewing,4,6,12,12/4/2016,12/31/2016,1,$31.98,$3.22,$28.76,$7.1900,Original,
4436,642860200246,Founders All Day IPA,Bottle,Founders Brewing Co,4,6,12,10/30/2016,11/5/2016,1,$33.00,$3.20,$29.80,$7.4500,Original,
4435,642860900245,Founders All Day IPA,Can,Founders Brewing Co,1,15,12,10/30/2016,11/5/2016,1,$16.70,$1.00,$15.70,$15.7000,Original,
4443,642860200253,Founders Azacca IPA,Bottle,Founders Brewing Co,4,6,12,10/30/2016,11/5/2016,1,$33.00,$3.20,$29.80,$7.4500,Original,
4405,642860200055,Founders Centennial IPA,Bottle,Founders Brewing Co,4,6,12,10/30/2016,11/5/2016,1,$33.00,$3.20,$29.80,$7.4500,Original,
4406,642860800057,Founders Centennial IPA,Can,Founders Brewing Co,2,12,12,10/30/2016,11/5/2016,1,$30.00,$3.20,$26.80,$13.4000,Original,
4411,642860200079,Founders Dirty Bastard,Bottle,Founders Brewing Co,4,6,12,10/30/2016,11/5/2016,1,$33.00,$3.20,$29.80,$7.4500,Original,
4439,642860800071,Founders Dirty Bastard,Can,Founders Brewing Co,2,12,12,10/30/2016,11/5/2016,1,$30.00,$3.20,$26.80,$13.4000,Original,
4423,642860200239,Founders Porter,Bottle,Founders Brewing Co,4,6,12,10/30/2016,11/5/2016,1,$33.00,$3.20,$29.80,$7.4500,Original,
4440,642860200505,Founders Rubaeus,Bottle,Founders Brewing Co,6,4,12,10/30/2016,11/5/2016,1,$52.30,$3.20,$49.10,$8.1833,Original,
4451,642860110262,Founders Rubaeus,Can,Founders Brewing Co,2,9,12,10/30/2016,11/5/2016,1,$30.00,$3.20,$26.80,$13.4000,Original,
1482,088573800029,Shiner Birthday Beer,Bottle,Gambrinus Co,4,6,12,10/30/2016,11/26/2016,1,$28.76,$1.60,$27.16,$6.7900,Original,
1482,088573800029,Shiner Birthday Beer,Bottle,Gambrinus Co,4,6,12,10/30/2016,11/26/2016,5,$28.76,$3.20,$25.56,$6.3900,Original,
1455,088573331011,Shiner Bock,Bottle,Gambrinus Co,4,6,12,10/30/2016,11/26/2016,1,$28.76,$1.60,$27.16,$6.7900,Original,
1455,088573331011,Shiner Bock,Bottle,Gambrinus Co,4,6,12,10/30/2016,11/26/2016,5,$28.76,$3.20,$25.56,$6.3900,Original,
1456,088573433333,Shiner Bock,Bottle,Gambrinus Co,2,12,12,10/2/2016,10/29/2016,1,$28.76,$3.18,$25.58,$12.7900,Original,
1456,088573433333,Shiner Bock,Bottle,Gambrinus Co,2,12,12,11/27/2016,12/31/2016,1,$28.76,$3.18,$25.58,$12.7900,Original,
1456,088573433333,Shiner Bock,Bottle,Gambrinus Co,2,12,12,10/2/2016,10/29/2016,5,$28.76,$4.78,$23.98,$11.9900,Original,
1456,088573433333,Shiner Bock,Bottle,Gambrinus Co,2,12,12,11/27/2016,12/31/2016,5,$28.76,$4.78,$23.98,$11.9900,Original,
1480,088573910018,Shiner Cream Ale,Bottle,Gambrinus Co,4,6,12,10/30/2016,11/26/2016,1,$28.76,$1.60,$27.16,$6.7900,Original,
1480,088573910018,Shiner Cream Ale,Bottle,Gambrinus Co,4,6,12,10/30/2016,11/26/2016,5,$28.76,$3.20,$25.56,$6.3900,Original,
1466,088573700022,Shiner Family Reunion,Bottle,Gambrinus Co,4,6,12,10/30/2016,11/26/2016,1,$28.76,$1.60,$27.16,$6.7900,Original,
1466,088573700022,Shiner Family Reunion,Bottle,Gambrinus Co,4,6,12,10/30/2016,11/26/2016,5,$28.76,$3.20,$25.56,$6.3900,Original,
1467,088573800029,Shiner Holiday Cheer,Bottle,Gambrinus Co,4,6,12,10/30/2016,11/26/2016,1,$28.76,$1.60,$27.16,$6.7900,Original,
1467,088573800029,Shiner Holiday Cheer,Bottle,Gambrinus Co,4,6,12,10/30/2016,11/26/2016,5,$28.76,$3.20,$25.56,$6.3900,Original,
1459,088573800029,Shiner Oktoberfest,Bottle,Gambrinus Co,4,6,12,10/30/2016,11/26/2016,1,$28.76,$1.60,$27.16,$6.7900,Original,
1459,088573800029,Shiner Oktoberfest,Bottle,Gambrinus Co,4,6,12,10/30/2016,11/26/2016,5,$28.76,$3.20,$25.56,$6.3900,Original,
1472,088573800029,Shiner Prickly Pear,Bottle,Gambrinus Co,4,6,12,10/30/2016,11/26/2016,1,$28.76,$1.60,$27.16,$6.7900,Original,
1472,088573800029,Shiner Prickly Pear,Bottle,Gambrinus Co,4,6,12,10/30/2016,11/26/2016,5,$28.76,$3.20,$25.56,$6.3900,Original,
1471,088573960044,Shiner Ruby Redbird,Bottle,Gambrinus Co,2,12,12,10/2/2016,10/29/2016,1,$28.76,$3.18,$25.58,$12.7900,Original,
1471,088573960044,Shiner Ruby Redbird,Bottle,Gambrinus Co,2,12,12,11/27/2016,12/31/2016,1,$28.76,$3.18,$25.58,$12.7900,Original,
1471,088573960044,Shiner Ruby Redbird,Bottle,Gambrinus Co,2,12,12,10/2/2016,10/29/2016,5,$28.76,$4.78,$23.98,$11.9900,Original,
1471,088573960044,Shiner Ruby Redbird,Bottle,Gambrinus Co,2,12,12,11/27/2016,12/31/2016,5,$28.76,$4.78,$23.98,$11.9900,Original,
3621,072890100160,Amstel Light,Bottle,Heineken Usa Inc,2,12,12,10/2/2016,12/31/2016,7,$27.60,$2.02,$25.58,$12.7900,Original,
3623,072890001511,Amstel Light,Can,Heineken Usa Inc,2,12,12,10/2/2016,12/31/2016,7,$27.60,$2.02,$25.58,$12.7900,Original,
3661,089826230105,Beers Of Mexico Variety,Bottle,Heineken Usa Inc,2,12,12,10/2/2016,12/31/2016,5,$27.05,$3.07,$23.98,$11.9900,Original,
3661,089826230105,Beers Of Mexico Variety,Bottle,Heineken Usa Inc,2,12,12,10/2/2016,10/8/2016,10,$27.05,$5.67,$21.38,$10.6900,Original,
3661,089826230105,Beers Of Mexico Variety,Bottle,Heineken Usa Inc,2,12,12,12/4/2016,12/10/2016,10,$27.05,$5.67,$21.38,$10.6900,Original,
1130,072311630115,Dos Equis Amber,Bottle,Heineken Usa Inc,4,6,12,10/2/2016,12/31/2016,1,$28.76,$2.38,$26.38,$6.5950,Original,
1131,072311331401,Dos Equis Amber,Bottle,Heineken Usa Inc,2,12,12,10/2/2016,12/31/2016,5,$27.60,$3.62,$23.98,$11.9900,Original,
1131,072311331401,Dos Equis Amber,Bottle,Heineken Usa Inc,2,12,12,10/2/2016,10/8/2016,10,$27.60,$6.22,$21.38,$10.6900,Original,
1131,072311331401,Dos Equis Amber,Bottle,Heineken Usa Inc,2,12,12,12/4/2016,12/10/2016,10,$27.60,$6.22,$21.38,$10.6900,Original,
1132,072311630122,Dos Equis Lager,Bottle,Heineken Usa Inc,4,6,12,10/2/2016,12/31/2016,1,$28.76,$2.38,$26.38,$6.5950,Original,
1129,072311230124,Dos Equis Lager,Bottle,Heineken Usa Inc,2,12,12,10/2/2016,12/31/2016,5,$27.60,$3.62,$23.98,$11.9900,Original,
1129,072311230124,Dos Equis Lager,Bottle,Heineken Usa Inc,2,12,12,10/2/2016,10/8/2016,10,$27.60,$6.22,$21.38,$10.6900,Original,
1141,072311412131,Dos Equis Lager,Can,Heineken Usa Inc,2,12,12,10/2/2016,10/8/2016,10,$27.60,$6.22,$21.38,$10.6900,Original,
1141,072311412131,Dos Equis Lager,Can,Heineken Usa Inc,2,12,12,12/4/2016,12/10/2016,10,$23.98,$6.22,$17.76,$8.8800,Original,
1129,072311230124,Dos Equis Lager,Bottle,Heineken Usa Inc,2,12,12,12/4/2016,12/10/2016,10,$27.60,$6.22,$21.38,$10.6900,Original,
1145,072311230186,Dos Equis Lager,Bottle,Heineken Usa Inc,1,18,12,10/2/2016,12/31/2016,5,$20.79,$5.00,$15.79,$15.7900,Original,
1144,089826230235,Dos Equis Variety,Bottle,Heineken Usa Inc,1,18,12,10/2/2016,12/31/2016,5,$20.79,$2.40,$18.39,$18.3900,Original,
3609,072890001740,Heineken,Mini Keg,Heineken Usa Inc,2,1,169.07,10/2/2016,12/31/2016,1,$33.31,$1.33,$31.98,$15.9900,Original,
3601,072890000163,Heineken,Bottle,Heineken Usa Inc,2,12,12,10/2/2016,12/31/2016,7,$27.60,$2.02,$25.58,$12.7900,Original,
3605,072890000200,Heineken,Can,Heineken Usa Inc,2,12,12,10/2/2016,12/31/2016,7,$27.60,$2.02,$25.58,$12.7900,Original,
3606,072890001528,Heineken,Bottle,Heineken Usa Inc,1,18,12,10/2/2016,12/31/2016,5,$22.09,$3.37,$18.72,$18.7200,Original,
3616,072890004949,Heineken,Can,Heineken Usa Inc,1,18,12,10/2/2016,12/31/2016,5,$22.09,$3.37,$18.72,$18.7200,Original,
3591,072890001597,Heineken Light,Bottle,Heineken Usa Inc,2,12,12,10/2/2016,12/31/2016,7,$27.60,$2.02,$25.58,$12.7900,Original,
3595,072890001887,Heineken Light,Can,Heineken Usa Inc,2,12,12,10/2/2016,12/31/2016,7,$27.60,$2.02,$25.58,$12.7900,Original,
1500,083820138931,Red Stripe,Bottle,Heineken Usa Inc,4,6,11.2,10/2/2016,12/31/2016,1,$26.63,$2.67,$23.96,$5.9900,Original,
1501,083820138948,Red Stripe,Bottle,Heineken Usa Inc,2,12,11.2,10/2/2016,12/31/2016,1,$23.30,$4.12,$19.18,$9.5900,Original,
1135,072311630214,Sol Cerveza,Bottle,Heineken Usa Inc,4,6,12,10/2/2016,12/31/2016,1,$28.76,$2.38,$26.38,$6.5950,Original,
1138,072311230216,Sol Cerveza,Bottle,Heineken Usa Inc,2,12,12,10/2/2016,12/31/2016,5,$27.05,$3.07,$23.98,$11.9900,Original,
1138,072311230216,Sol Cerveza,Bottle,Heineken Usa Inc,2,12,12,10/2/2016,10/8/2016,10,$27.05,$5.67,$21.38,$10.6900,Original,
1138,072311230216,Sol Cerveza,Bottle,Heineken Usa Inc,2,12,12,12/4/2016,12/10/2016,10,$27.05,$5.67,$21.38,$10.6900,Original,
3911,088345101828,Strongbow Cherry Blossom,Bottle,Heineken Usa Inc,4,6,11.2,10/2/2016,10/15/2016,1,$28.76,$1.58,$27.18,$6.7950,Original,
3911,088345101828,Strongbow Cherry Blossom,Bottle,Heineken Usa Inc,4,6,11.2,10/16/2016,12/31/2016,1,$31.98,$3.18,$28.80,$7.2000,Original,
3908,088345101552,Strongbow Gold Apple Cider,Can,Heineken Usa Inc,6,4,14.9,10/2/2016,12/31/2016,1,$33.43,$5.43,$28.00,$4.6667,Original,
3905,088345101514,Strongbow Gold Apple Cider,Bottle,Heineken Usa Inc,4,6,11.2,10/2/2016,10/15/2016,1,$28.76,$1.58,$27.18,$6.7950,Original,
3905,088345101514,Strongbow Gold Apple Cider,Bottle,Heineken Usa Inc,4,6,11.2,10/16/2016,12/31/2016,1,$31.98,$3.18,$28.80,$7.2000,Original,
3910,088345101583,Strongbow Honey Apple Cider,Bottle,Heineken Usa Inc,4,6,11.2,10/2/2016,10/15/2016,1,$28.76,$1.58,$27.18,$6.7950,Original,
3910,088345101583,Strongbow Honey Apple Cider,Bottle,Heineken Usa Inc,4,6,11.2,10/16/2016,12/31/2016,1,$31.98,$3.18,$28.80,$7.2000,Original,
3909,088345101682,Strongbow Variety,Bottle,Heineken Usa Inc,2,12,11.2,10/16/2016,12/31/2016,1,$30.38,$3.80,$26.58,$13.2900,Original,
3909,088345101682,Strongbow Variety,Bottle,Heineken Usa Inc,2,12,11.2,10/2/2016,10/15/2016,1,$28.76,$3.80,$24.96,$12.4800,Original,
3838,089826900336,Tecate,Can,Heineken Usa Inc,2,12,12,10/2/2016,12/31/2016,1,$21.60,$2.87,$18.73,$9.3650,Original,
3838,089826900336,Tecate,Can,Heineken Usa Inc,2,12,12,10/2/2016,12/31/2016,7,$21.60,$4.01,$17.59,$8.7950,Original,
17051,100000170511,Tecate Light,Keg,Heineken Usa Inc,1,1,676.28,10/2/2016,12/31/2016,2,$41.00,$3.00,$38.00,$38.0000,Original,
2053,712808242765,Highland Black Mocha Stout,Bottle,Highland Brewing Co,4,6,12,10/2/2016,10/29/2016,1,$31.98,$3.22,$28.76,$7.1900,Original,
2079,712808701224,Highland Clawhammer Oktoberfest,Bottle,Highland Brewing Co,4,6,12,10/2/2016,10/29/2016,1,$31.98,$3.22,$28.76,$7.1900,Original,
2038,712808701224,Highland Devil's Britches,Bottle,Highland Brewing Co,4,6,12,10/2/2016,10/29/2016,1,$31.98,$3.22,$28.76,$7.1900,Original,
2068,712808701224,Highland Early's Hoppy Wheat,Bottle,Highland Brewing Co,4,6,12,10/2/2016,10/29/2016,1,$31.98,$3.22,$28.76,$7.1900,Original,
2051,712808129820,Highland Gaelic Ale,Bottle,Highland Brewing Co,4,6,12,10/2/2016,10/29/2016,1,$31.98,$3.22,$28.76,$7.1900,Original,
2052,712808312543,Highland Gaelic Ale,Bottle,Highland Brewing Co,2,12,12,12/4/2016,12/31/2016,1,$30.32,$1.56,$28.76,$14.3800,Original,
2086,712808701224,Highland Little Hump,Bottle,Highland Brewing Co,4,6,12,10/2/2016,10/29/2016,1,$31.98,$3.22,$28.76,$7.1900,Original,
2060,712808701224,Highland Lost Cove Pale Ale,Bottle,Highland Brewing Co,4,6,12,10/2/2016,10/29/2016,1,$31.98,$3.22,$28.76,$7.1900,Original,
2063,712808455547,Highland Mountain Medley Variety,Bottle,Highland Brewing Co,2,12,12,12/4/2016,12/31/2016,1,$30.32,$1.56,$28.76,$14.3800,Original,
2056,712808129837,Highland Oatmeal Porter,Bottle,Highland Brewing Co,4,6,12,10/2/2016,10/29/2016,1,$31.98,$3.22,$28.76,$7.1900,Original,
2072,712808701224,Highland Razor Wit,Bottle,Highland Brewing Co,4,6,12,10/2/2016,10/29/2016,1,$31.98,$3.22,$28.76,$7.1900,Original,
2066,712808701224,Highland Saw-Whet Saison,Bottle,Highland Brewing Co,4,6,12,10/2/2016,10/29/2016,1,$31.98,$3.22,$28.76,$7.1900,Original,
2059,712808129813,Highland St Terese's Pale Ale,Bottle,Highland Brewing Co,4,6,12,10/2/2016,10/29/2016,1,$31.98,$3.22,$28.76,$7.1900,Original,
2067,712808701224,Highland Thunderstruck,Bottle,Highland Brewing Co,4,6,12,10/2/2016,10/29/2016,1,$31.98,$3.22,$28.76,$7.1900,Original,
2099,723830000148,Lagunitas Brown Shugga,Bottle,Lagunitas Brewing Co,4,6,12,10/2/2016,11/5/2016,1,$35.10,$3.14,$31.96,$7.9900,Original,
2106,723830024205,Lagunitas Censored Ale,Bottle,Lagunitas Brewing Co,4,6,12,10/2/2016,11/5/2016,1,$31.98,$3.20,$28.78,$7.1950,Original,
2117,723830000148,Lagunitas Hairy Eyeball,Bottle,Lagunitas Brewing Co,4,6,12,10/2/2016,11/5/2016,1,$35.10,$3.14,$31.96,$7.9900,Original,
2119,723830000148,Lagunitas Lil Sumpin' Extra,Bottle,Lagunitas Brewing Co,4,6,12,10/2/2016,11/5/2016,1,$35.10,$3.14,$31.96,$7.9900,Original,
2115,723830000209,Lagunitas Lil Sumpin' Sumpin',Bottle,Lagunitas Brewing Co,4,6,12,10/2/2016,11/5/2016,1,$35.10,$3.14,$31.96,$7.9900,Original,
2142,723830000148,Lagunitas Lucky 13,Bottle,Lagunitas Brewing Co,4,6,12,10/2/2016,11/5/2016,1,$35.10,$3.14,$31.96,$7.9900,Original,
2103,723830000179,Lagunitas Maximus IPA,Bottle,Lagunitas Brewing Co,4,6,12,10/2/2016,11/5/2016,1,$35.10,$3.14,$31.96,$7.9900,Original,
2122,723830000346,Lagunitas Sucks Ale,Bottle,Lagunitas Brewing Co,4,6,12,10/2/2016,11/5/2016,1,$35.10,$3.14,$31.96,$7.9900,Original,
2123,723830000148,Lagunitas Undercover Invest,Bottle,Lagunitas Brewing Co,4,6,12,10/2/2016,11/5/2016,1,$35.10,$3.14,$31.96,$7.9900,Original,
5702,815829010068,Cayman Jack Margarita,Bottle,Mike's Hard Beverage,4,6,11.2,10/2/2016,12/31/2016,1,$29.12,$1.74,$27.38,$6.8450,Original,
5700,815829010617,Cayman Jack Margarita,Can,Mike's Hard Beverage,2,12,8,10/2/2016,12/31/2016,1,$23.98,$0.80,$23.18,$11.5900,Original,
5700,815829010617,Cayman Jack Margarita,Can,Mike's Hard Beverage,2,12,8,10/2/2016,12/31/2016,3,$23.98,$3.20,$20.78,$10.3900,Original,
5704,815829011584,Cayman Jack Mojito,Bottle,Mike's Hard Beverage,4,6,11.2,10/2/2016,12/31/2016,1,$29.12,$1.74,$27.38,$6.8450,Original,
1665,635985258025,Mike's Apple Ale,Bottle,Mike's Hard Beverage,4,6,11.2,10/2/2016,12/31/2016,1,$27.16,$1.60,$25.56,$6.3900,Original,
1716,635985259596,Mike's Apple Ale,Can,Mike's Hard Beverage,2,12,8,10/2/2016,12/31/2016,1,$23.98,$0.80,$23.18,$11.5900,Original,
1716,635985259596,Mike's Apple Ale,Can,Mike's Hard Beverage,2,12,8,10/2/2016,12/31/2016,5,$23.98,$3.20,$20.78,$10.3900,Original,
1573,635985067443,Mike's Black Cherry,Bottle,Mike's Hard Beverage,4,6,11.2,10/2/2016,12/31/2016,1,$27.16,$1.60,$25.56,$6.3900,Original,
1713,635985259244,Mike's Black Cherry,Bottle,Mike's Hard Beverage,4,6,11.2,10/2/2016,12/31/2016,1,$27.16,$1.60,$25.56,$6.3900,Original,
1715,635985259480,Mike's Black Cherry,Can,Mike's Hard Beverage,2,12,8,10/2/2016,12/31/2016,1,$23.98,$0.80,$23.18,$11.5900,Original,
1715,635985259480,Mike's Black Cherry,Can,Mike's Hard Beverage,2,12,8,10/2/2016,12/31/2016,5,$23.98,$3.20,$20.78,$10.3900,Original,
1643,635985060741,Mike's Blackberry,Bottle,Mike's Hard Beverage,4,6,11.2,10/2/2016,12/31/2016,1,$27.16,$1.60,$25.56,$6.3900,Original,
1589,635985060741,Mike's Blood Orange,Bottle,Mike's Hard Beverage,4,6,11.2,10/2/2016,12/31/2016,1,$27.16,$1.60,$25.56,$6.3900,Original,
1670,635985010265,Mike's Classic Margarita,Bottle,Mike's Hard Beverage,4,6,11.2,10/2/2016,12/31/2016,1,$27.16,$1.60,$25.56,$6.3900,Original,
1620,635985606116,Mike's Cranberry,Bottle,Mike's Hard Beverage,4,6,11.2,10/2/2016,12/31/2016,1,$27.16,$1.60,$25.56,$6.3900,Original,
1598,635985060741,Mike's Glacier Berry,Bottle,Mike's Hard Beverage,4,6,11.2,10/2/2016,12/31/2016,1,$27.16,$1.60,$25.56,$6.3900,Original,
1592,635985060703,Mike's Hard Mango Punch,Bottle,Mike's Hard Beverage,4,6,11.2,10/2/2016,12/31/2016,1,$27.16,$1.60,$25.56,$6.3900,Original,
1718,635985259107,Mike's Harder Apple Firebomb,Can,Mike's Hard Beverage,6,4,16,10/2/2016,12/31/2016,1,$32.55,$4.55,$28.00,$4.6667,Original,
1574,635985010128,Mike's Harder Black Cherry,Can,Mike's Hard Beverage,6,4,16,10/2/2016,12/31/2016,1,$32.55,$4.55,$28.00,$4.6667,Original,
1587,635985245957,Mike's Harder Blood Orange,Can,Mike's Hard Beverage,6,4,16,10/2/2016,12/31/2016,1,$32.55,$4.55,$28.00,$4.6667,Original,
1579,635985249856,Mike's Harder Cranberry Lemonade,Can,Mike's Hard Beverage,12,1,23.5,10/2/2016,12/31/2016,1,$22.54,$1.04,$21.50,$1.7917,Original,
1572,635985010371,Mike's Harder Cranberry Lemonade,Can,Mike's Hard Beverage,6,4,16,10/2/2016,12/31/2016,1,$32.55,$4.55,$28.00,$4.6667,Original,
1596,635985259107,Mike's Harder Dragon Fruit,Can,Mike's Hard Beverage,6,4,16,10/2/2016,12/31/2016,1,$32.55,$4.55,$28.00,$4.6667,Original,
1609,635985259107,Mike's Harder Jamaican Lemonade,Can,Mike's Hard Beverage,6,4,16,10/2/2016,12/31/2016,1,$32.55,$4.55,$28.00,$4.6667,Original,
1607,635985245834,Mike's Harder Lemonade,Can,Mike's Hard Beverage,12,1,23.5,10/2/2016,12/31/2016,1,$22.54,$1.04,$21.50,$1.7917,Original,
1570,635985258759,Mike's Harder Lemonade,Can,Mike's Hard Beverage,6,4,16,10/2/2016,12/31/2016,1,$32.55,$4.55,$28.00,$4.6667,Original,
1591,635985259107,Mike's Harder Mango Lemonade,Can,Mike's Hard Beverage,6,4,16,10/2/2016,12/31/2016,1,$32.55,$4.55,$28.00,$4.6667,Original,
1581,635985200321,Mike's Harder Orange Soda,Can,Mike's Hard Beverage,12,1,23.5,10/2/2016,12/31/2016,1,$22.54,$1.04,$21.50,$1.7917,Original,
1724,635985259107,MIKE'S HARDER PASSIONFRUIT,Can,Mike's Hard Beverage,6,4,16,10/2/2016,12/31/2016,1,$32.55,$4.55,$28.00,$4.6667,Original,
1577,635985132196,Mike's Harder Strawberry Lemonade,Can,Mike's Hard Beverage,6,4,16,10/2/2016,12/31/2016,1,$32.55,$4.55,$28.00,$4.6667,Original,
1597,635985259107,Mike's Harder Tiger Blood,Can,Mike's Hard Beverage,6,4,16,10/2/2016,12/31/2016,1,$32.55,$4.55,$28.00,$4.6667,Original,
1603,635985000242,Mike's Lemonade,Bottle,Mike's Hard Beverage,12,1,24,10/2/2016,12/31/2016,1,$23.88,$1.50,$22.38,$1.8650,Original,
1600,635985100621,Mike's Lemonade,Bottle,Mike's Hard Beverage,4,6,11.2,10/2/2016,12/31/2016,1,$27.16,$1.60,$25.56,$6.3900,Original,
1605,635985259459,Mike's Lemonade,Can,Mike's Hard Beverage,2,12,8,10/2/2016,12/31/2016,1,$23.98,$0.80,$23.18,$11.5900,Original,
1601,635985120018,Mike's Lemonade,Bottle,Mike's Hard Beverage,2,12,11.2,10/2/2016,12/31/2016,2,$25.58,$2.28,$23.30,$11.6500,Original,
1605,635985259459,Mike's Lemonade,Can,Mike's Hard Beverage,2,12,8,10/2/2016,12/31/2016,5,$23.98,$3.20,$20.78,$10.3900,Original,
1599,635985259701,Mike's Mango,Bottle,Mike's Hard Beverage,12,1,24,10/2/2016,12/31/2016,1,$23.88,$1.50,$22.38,$1.8650,Original,
1583,635985190028,Mike's Peach Lemonade,Bottle,Mike's Hard Beverage,4,6,11.2,10/2/2016,12/31/2016,1,$27.16,$1.60,$25.56,$6.3900,Original,
1580,635985060741,Mike's Pink Lemonade,Bottle,Mike's Hard Beverage,4,6,11.2,10/2/2016,12/31/2016,1,$27.16,$1.60,$25.56,$6.3900,Original,
1624,635985060741,Mike's Raspberry Elderflower,Bottle,Mike's Hard Beverage,4,6,11.2,10/2/2016,12/31/2016,1,$27.16,$1.60,$25.56,$6.3900,Original,
1642,635985224136,Mike's Strawberry Lemonade,Bottle,Mike's Hard Beverage,4,6,11.2,10/2/2016,12/31/2016,1,$27.16,$1.60,$25.56,$6.3900,Original,
1640,635985129981,Mike's Variety Pack,Bottle,Mike's Hard Beverage,2,12,11.2,10/2/2016,12/31/2016,2,$25.58,$2.28,$23.30,$11.6500,Original,
1722,635985260011,Mike's Variety Pack,Can,Mike's Hard Beverage,2,12,12,10/2/2016,12/31/2016,2,$25.58,$2.28,$23.30,$11.6500,Original,
1626,635985060741,MIKE'S WATERMELON,Bottle,Mike's Hard Beverage,4,6,11.2,10/2/2016,12/31/2016,1,$27.16,$1.60,$25.56,$6.3900,Original,
1741,635985260073,Palm Breeze Pineapple Mandarin Orange,Can,Mike's Hard Beverage,4,6,12,10/2/2016,12/31/2016,1,$24.10,$1.55,$22.55,$5.6375,Original,
1740,635985260103,Palm Breeze Ruby Red Citrus,Can,Mike's Hard Beverage,4,6,12,10/2/2016,12/31/2016,1,$24.10,$1.55,$22.55,$5.6375,Original,
1744,635985200239,Palm Breeze Variety,Can,Mike's Hard Beverage,2,12,12,10/2/2016,12/31/2016,1,$24.10,$1.55,$22.55,$11.2750,Original,
1754,815829010761,Tgi Fridays Long Island Iced Tea,Can,Mike's Hard Beverage,6,4,16,10/2/2016,12/31/2016,1,$32.55,$4.55,$28.00,$4.6667,Original,
1760,635985200253,White Claw Black Cherry,Can,Mike's Hard Beverage,4,6,12,10/2/2016,12/31/2016,1,$30.00,$1.25,$28.75,$7.1875,Original,
1761,635985200284,White Claw Grapefruit,Can,Mike's Hard Beverage,4,6,12,10/2/2016,12/31/2016,1,$30.00,$1.25,$28.75,$7.1875,Original,
1763,635985025986,White Claw Lime,Can,Mike's Hard Beverage,4,6,12,10/2/2016,12/31/2016,1,$30.00,$1.25,$28.75,$7.1875,Original,
100,071990095116,Blue Moon Belgian White,Bottle,Millercoors,4,6,12,10/2/2016,12/31/2016,1,$28.76,$1.79,$26.97,$6.7425,Original,
101,071990095161,Blue Moon Belgian White,Bottle,Millercoors,2,12,12,10/2/2016,12/31/2016,1,$27.18,$3.20,$23.98,$11.9900,Original,
113,071990095543,Blue Moon Fall Variety,Bottle,Millercoors,2,12,12,10/2/2016,12/31/2016,1,$27.18,$3.20,$23.98,$11.9900,Original,
102,071990095321,Blue Moon First Peach Ale,Bottle,Millercoors,4,6,12,10/2/2016,12/31/2016,1,$28.76,$1.79,$26.97,$6.7425,Original,
117,071990095369,Blue Moon First Peach Ale,Bottle,Millercoors,2,12,12,10/2/2016,12/31/2016,1,$27.18,$3.20,$23.98,$11.9900,Original,
112,071990095321,Blue Moon Harvest Pumpkin Ale,Bottle,Millercoors,4,6,12,10/2/2016,12/31/2016,1,$28.76,$1.79,$26.97,$6.7425,Original,
115,071990095369,Blue Moon Harvest Pumpkin Ale,Bottle,Millercoors,2,12,12,10/2/2016,12/31/2016,1,$27.18,$3.20,$23.98,$11.9900,Original,
143,071990095611,Blue Moon IPA,Bottle,Millercoors,4,6,12,10/2/2016,12/31/2016,1,$28.76,$1.79,$26.97,$6.7425,Original,
103,071990095321,Blue Moon Mountain Abbey Ale,Bottle,Millercoors,4,6,12,10/2/2016,12/31/2016,1,$28.76,$1.79,$26.97,$6.7425,Original,
116,071990095369,Blue Moon Mountain Abbey Ale,Bottle,Millercoors,2,12,12,10/2/2016,12/31/2016,1,$27.18,$3.20,$23.98,$11.9900,Original,
121,071990095543,Blue Moon Spring Variety,Bottle,Millercoors,2,12,12,10/2/2016,12/31/2016,1,$27.18,$3.20,$23.98,$11.9900,Original,
111,071990095321,Blue Moon Summer Belgian Table Pils,Bottle,Millercoors,4,6,12,10/2/2016,12/31/2016,1,$28.76,$1.79,$26.97,$6.7425,Original,
114,071990095369,Blue Moon Summer Belgian Table Pils,Bottle,Millercoors,2,12,12,10/2/2016,12/31/2016,1,$27.18,$3.20,$23.98,$11.9900,Original,
110,071990095543,Blue Moon Summer Variety,Bottle,Millercoors,2,12,12,10/2/2016,12/31/2016,1,$27.18,$3.20,$23.98,$11.9900,Original,
119,071990095543,Blue Moon Winter Variety,Bottle,Millercoors,2,12,12,10/2/2016,12/31/2016,1,$27.18,$3.20,$23.98,$11.9900,Original,
12,071990170226,Coors Banquet,Alum Bottle,Millercoors,2,9,16,10/2/2016,12/31/2016,1,$20.16,$0.54,$19.62,$9.8100,Original,
10,071990100209,Coors Banquet,Can,Millercoors,1,18,12,10/2/2016,12/31/2016,10,$14.27,$0.44,$13.83,$13.8300,Original,
23,071990116002,Coors Banquet,Can,Millercoors,1,24,12,10/2/2016,12/31/2016,15,$18.73,$1.32,$17.41,$17.4100,Original,
62,071990301040,Coors Light,Alum Bottle,Millercoors,2,9,16,10/2/2016,12/31/2016,1,$20.16,$0.54,$19.62,$9.8100,Original,
41,071990000486,Coors Light,Can,Millercoors,2,12,12,10/2/2016,12/31/2016,1,$19.63,$1.80,$17.83,$8.9150,Original,
79,071990300692,Coors Light,Bottle,Millercoors,2,12,12,10/2/2016,12/31/2016,1,$19.63,$1.80,$17.83,$8.9150,Original,
65,071990095277,Coors Light,Alum Bottle,Millercoors,1,15,16,10/2/2016,12/31/2016,1,$16.95,$3.57,$13.38,$13.3800,Original,
30,071990300173,Coors Light,Can,Millercoors,1,18,12,10/2/2016,12/31/2016,10,$14.27,$0.44,$13.83,$13.8300,Original,
72,071990300784,Coors Light,Bottle,Millercoors,1,18,12,10/2/2016,12/31/2016,10,$14.27,$0.44,$13.83,$13.8300,Original,
80,071990316006,Coors Light,Can,Millercoors,1,24,12,10/2/2016,12/31/2016,15,$18.73,$1.32,$17.41,$17.4100,Original,
630,070897013315,Fosters,Can,Millercoors,12,1,25,10/2/2016,12/31/2016,1,$21.95,$3.95,$18.00,$1.5000,Original,
642,070897183315,Fosters Premium,Can,Millercoors,12,1,25,10/2/2016,12/31/2016,1,$21.95,$3.95,$18.00,$1.5000,Original,
1305,083741000058,Grolsch,Bottle,Millercoors,4,6,11.2,10/30/2016,12/3/2016,1,$31.96,$3.20,$28.76,$7.1900,Original,
668,034100989347,Henry's Hard Soda Cherry Cola,Bottle,Millercoors,4,6,12,10/2/2016,12/31/2016,1,$28.76,$1.79,$26.97,$6.7425,Original,
662,034100989224,Henry's Hard Soda Ginger Ale,Bottle,Millercoors,4,6,12,10/2/2016,12/31/2016,1,$28.76,$1.79,$26.97,$6.7425,Original,
660,034100989163,Henry's Hard Soda Orange,Bottle,Millercoors,4,6,12,10/2/2016,12/31/2016,1,$28.76,$1.79,$26.97,$6.7425,Original,
488,034100008840,Icehouse,Plastic Bottle,Millercoors,12,1,40,10/2/2016,12/31/2016,1,$17.80,$0.28,$17.52,$1.4600,Original,
477,034100008802,Icehouse,Can,Millercoors,12,1,24,10/2/2016,12/31/2016,1,$15.90,$2.00,$13.90,$1.1583,Original,
471,034100625092,Icehouse,Bottle,Millercoors,2,12,12,10/2/2016,12/31/2016,5,$14.94,$2.79,$12.15,$6.0750,Original,
478,034100623401,Icehouse,Can,Millercoors,1,18,12,10/2/2016,12/31/2016,1,$11.72,$0.43,$11.29,$11.2900,Original,
486,034100007683,Icehouse Edge,Can,Millercoors,12,1,24,10/2/2016,12/31/2016,1,$15.90,$1.00,$14.90,$1.2417,Original,
487,034100007836,Icehouse Edge,Can,Millercoors,6,4,16,10/2/2016,12/31/2016,1,$20.37,$2.85,$17.52,$2.9200,Original,
109,071990480066,Keystone Light,Can,Millercoors,1,24,12,10/2/2016,12/31/2016,1,$13.83,$2.24,$11.59,$11.5900,Original,
4093,034100588052,Lein Beer Garten Tart,Bottle,Millercoors,4,6,12,10/2/2016,12/31/2016,1,$28.76,$1.79,$26.97,$6.7425,Original,
4089,034100516055,Leinenkugel's Cranberry Ginger Shandy,Bottle,Millercoors,4,6,12,10/2/2016,12/31/2016,1,$28.76,$1.79,$26.97,$6.7425,Original,
4088,034100516079,Leinenkugel's Cranberry Ginger Shandy,Bottle,Millercoors,2,12,12,10/2/2016,12/31/2016,1,$27.18,$3.20,$23.98,$11.9900,Original,
4096,034100786502,Leinenkugel's Fall Shandy Sampler,Can,Millercoors,2,12,12,10/2/2016,12/31/2016,1,$27.18,$3.20,$23.98,$11.9900,Original,
4080,034100785741,Leinenkugel's Fall Variety,Bottle,Millercoors,2,12,12,10/2/2016,12/31/2016,1,$27.18,$3.20,$23.98,$11.9900,Original,
4079,034100786588 ,Leinenkugel's Grapefruit Shandy,Bottle,Millercoors,4,6,12,10/2/2016,12/31/2016,1,$28.76,$1.79,$26.97,$6.7425,Original,
4087,034100516208,Leinenkugel's Grapefruit Shandy,Bottle,Millercoors,2,12,12,10/2/2016,12/31/2016,1,$27.18,$3.20,$23.98,$11.9900,Original,
4072,034100516055,Leinenkugel's Harvest Patch Shandy,Bottle,Millercoors,4,6,12,10/2/2016,12/31/2016,1,$28.76,$1.79,$26.97,$6.7425,Original,
4073,034100516079,Leinenkugel's Harvest Patch Shandy,Bottle,Millercoors,2,12,12,10/2/2016,12/31/2016,1,$27.18,$3.20,$23.98,$11.9900,Original,
4074,034100485054,Leinenkugel's Honey Weiss,Bottle,Millercoors,4,6,12,10/2/2016,12/31/2016,1,$28.76,$1.79,$26.97,$6.7425,Original,
4062,034100588052,Leinenkugel's Oktoberfest,Bottle,Millercoors,4,6,12,10/2/2016,12/31/2016,1,$28.76,$1.79,$26.97,$6.7425,Original,
4056,034100516055,Leinenkugel's Orange Shandy,Bottle,Millercoors,4,6,12,10/2/2016,12/31/2016,1,$28.76,$1.79,$26.97,$6.7425,Original,
4057,034100516079,Leinenkugel's Orange Shandy,Bottle,Millercoors,2,12,12,10/2/2016,12/31/2016,1,$27.18,$3.20,$23.98,$11.9900,Original,
4084,034100588052,Leinenkugel's Snowdrift Vanilla Porter,Bottle,Millercoors,4,6,12,10/2/2016,12/31/2016,1,$28.76,$1.79,$26.97,$6.7425,Original,
4091,034100785741,Leinenkugel's Spring Variety,Bottle,Millercoors,2,12,12,10/2/2016,12/31/2016,1,$27.18,$3.20,$23.98,$11.9900,Original,
4066,034100516055,Leinenkugel's Summer Shandy,Bottle,Millercoors,4,6,12,10/2/2016,12/31/2016,1,$28.76,$1.79,$26.97,$6.7425,Original,
4065,034100516079,Leinenkugel's Summer Shandy,Bottle,Millercoors,2,12,12,10/2/2016,12/31/2016,1,$27.18,$3.20,$23.98,$11.9900,Original,
4094,034100786502,Leinenkugel's Summer Shandy Sampler,Can,Millercoors,2,12,12,10/2/2016,12/31/2016,1,$27.18,$3.20,$23.98,$11.9900,Original,
4082,034100785741,Leinenkugel's Summer Variety,Bottle,Millercoors,2,12,12,10/2/2016,12/31/2016,1,$27.18,$3.20,$23.98,$11.9900,Original,
4070,034100498054,Leinenkugel's Sunset Wheat,Bottle,Millercoors,4,6,12,10/2/2016,12/31/2016,1,$28.76,$1.79,$26.97,$6.7425,Original,
4090,034100785741,Leinenkugel's Winter Variety,Bottle,Millercoors,2,12,12,10/2/2016,12/31/2016,1,$27.18,$3.20,$23.98,$11.9900,Original,
651,034100155094,Miller 64,Bottle,Millercoors,2,12,12,10/2/2016,12/31/2016,1,$19.63,$1.80,$17.83,$8.9150,Original,
652,034100153403,Miller 64,Can,Millercoors,1,18,12,10/2/2016,12/31/2016,10,$14.27,$0.44,$13.83,$13.8300,Original,
655,034100153069,Miller 64,Can,Millercoors,1,24,12,10/2/2016,12/31/2016,15,$18.73,$1.32,$17.41,$17.4100,Original,
397,034100000097,Miller High Life,Bottle,Millercoors,12,1,40,10/2/2016,12/31/2016,1,$17.80,$0.28,$17.52,$1.4600,Original,
396,034100000097,Miller High Life,Plastic Bottle,Millercoors,12,1,40,10/2/2016,12/31/2016,1,$17.80,$0.28,$17.52,$1.4600,Original,
404,034100000059,Miller High Life,Can,Millercoors,12,1,24,10/2/2016,12/31/2016,1,$14.90,$1.00,$13.90,$1.1583,Original,
395,034100016418,Miller High Life,Bottle,Millercoors,4,6,7,10/2/2016,12/31/2016,1,$12.07,$1.67,$10.40,$2.6000,Original,
402,034100015091,Miller High Life,Bottle,Millercoors,2,12,12,10/2/2016,12/31/2016,5,$14.76,$2.61,$12.15,$6.0750,Original,
409,034100013400,Miller High Life,Can,Millercoors,1,18,12,10/2/2016,12/31/2016,1,$11.72,$0.43,$11.29,$11.2900,Original,
405,034100012564,Miller High Life,Bottle,Millercoors,1,18,12,10/2/2016,12/31/2016,1,$11.72,$2.02,$9.70,$9.7000,Original,
415,034100035099,Miller High Life Light,Bottle,Millercoors,2,12,12,10/2/2016,12/31/2016,5,$14.76,$2.61,$12.15,$6.0750,Original,
436,034100570231,Miller Lite,Alum Bottle,Millercoors,2,9,16,10/2/2016,12/31/2016,1,$20.16,$0.54,$19.62,$9.8100,Original,
424,034100575090,Miller Lite,Bottle,Millercoors,2,12,12,10/2/2016,12/31/2016,1,$19.63,$1.80,$17.83,$8.9150,Original,
428,034100576363,Miller Lite,Can,Millercoors,2,12,12,10/2/2016,12/31/2016,1,$19.63,$1.80,$17.83,$8.9150,Original,
439,034100577070,Miller Lite,Alum Bottle,Millercoors,1,15,16,10/2/2016,12/31/2016,1,$16.95,$3.57,$13.38,$13.3800,Original,
429,034100573409,Miller Lite,Can,Millercoors,1,18,12,10/2/2016,12/31/2016,10,$14.27,$0.44,$13.83,$13.8300,Original,
434,034100572563,Miller Lite,Bottle,Millercoors,1,18,12,10/2/2016,12/31/2016,10,$14.27,$0.44,$13.83,$13.8300,Original,
430,034100573065,Miller Lite,Can,Millercoors,1,24,12,10/2/2016,12/31/2016,15,$18.73,$1.32,$17.41,$17.4100,Original,
501,034100316020,Milwaukee's Best,Can,Millercoors,2,12,12,10/2/2016,12/31/2016,1,$12.15,$1.73,$10.42,$5.2100,Original,
516,034100306021,Milwaukee's Best Ice,Can,Millercoors,2,12,12,10/2/2016,12/31/2016,1,$12.15,$1.73,$10.42,$5.2100,Original,
511,034100076023,Milwaukee's Best Light,Can,Millercoors,2,12,12,10/2/2016,12/31/2016,1,$12.15,$1.73,$10.42,$5.2100,Original,
4048,181954000022,Peroni Nastro Azzurro,Bottle,Millercoors,4,6,11.2,10/30/2016,12/3/2016,1,$31.96,$3.20,$28.76,$7.1900,Original,
1170,072311630016,Pilsner Urquell,Bottle,Millercoors,4,6,11.2,10/30/2016,12/3/2016,1,$31.96,$3.20,$28.76,$7.1900,Original,
1171,072311133128,Pilsner Urquell,Bottle,Millercoors,2,12,11.2,10/2/2016,12/31/2016,1,$27.18,$1.60,$25.58,$12.7900,Original,
3400,034100087166,Redd's Apple Ale,Bottle,Millercoors,4,6,12,10/2/2016,12/31/2016,1,$27.18,$3.22,$23.96,$5.9900,Original,
3402,034100087180,Redd's Apple Ale,Can,Millercoors,2,12,12,10/2/2016,12/31/2016,1,$27.18,$3.20,$23.98,$11.9900,Original,
3401,034100087227,Redd's Apple Ale,Bottle,Millercoors,2,12,12,10/2/2016,12/31/2016,1,$27.18,$3.20,$23.98,$11.9900,Original,
3425,034100989309,Redd's Blueberry,Bottle,Millercoors,4,6,12,10/2/2016,12/31/2016,1,$27.18,$3.22,$23.96,$5.9900,Original,
3424,034100989309,Redd's Cranberry,Bottle,Millercoors,4,6,12,10/2/2016,12/31/2016,1,$27.18,$3.22,$23.96,$5.9900,Original,
3429,034100989309,Redd's Ginger Apple Ale,Bottle,Millercoors,4,6,12,10/2/2016,12/31/2016,1,$27.18,$3.22,$23.96,$5.9900,Original,
3418,034100087463,Redd's Green Apple Ale,Bottle,Millercoors,4,6,12,10/2/2016,12/31/2016,1,$27.18,$3.22,$23.96,$5.9900,Original,
3416,034100087470,Redd's Green Apple Ale,Bottle,Millercoors,2,12,12,10/2/2016,12/31/2016,1,$27.18,$3.20,$23.98,$11.9900,Original,
3410,034100087302,Redd's Strawberry Apple Ale,Bottle,Millercoors,4,6,12,10/2/2016,12/31/2016,1,$27.18,$3.22,$23.96,$5.9900,Original,
3411,034100087326,Redd's Strawberry Apple Ale,Bottle,Millercoors,2,12,12,10/2/2016,12/31/2016,1,$27.18,$3.20,$23.98,$11.9900,Original,
3412,034100003401,Redd's Variety,Bottle,Millercoors,2,12,12,10/2/2016,12/31/2016,1,$27.18,$3.20,$23.98,$11.9900,Original,
3413,034100003425,Redd's Wicked Apple Ale,Can,Millercoors,2,12,10,10/2/2016,12/31/2016,1,$23.18,$3.20,$19.98,$9.9900,Original,
3423,034100087555,Redd's Wicked Black Cherry,Can,Millercoors,2,12,10,10/2/2016,12/31/2016,1,$23.18,$3.20,$19.98,$9.9900,Original,
3417,034100087494,Redd's Wicked Mango,Can,Millercoors,2,12,10,10/2/2016,12/31/2016,1,$23.18,$3.20,$19.98,$9.9900,Original,
5651,087800000492,Smith & Forge,Can,Millercoors,6,4,16,10/2/2016,12/31/2016,1,$33.43,$4.93,$28.50,$4.7500,Original,
5654,071990096830,Smith & Forge,Bottle,Millercoors,4,6,12,10/2/2016,12/31/2016,1,$31.98,$6.42,$25.56,$6.3900,Original,
5650,071990096878,Smith & Forge,Can,Millercoors,2,12,12,10/2/2016,12/31/2016,1,$27.19,$3.21,$23.98,$11.9900,Original,
3731,078250003287,Steel Reserve,Can,Millercoors,12,1,24,10/2/2016,12/31/2016,1,$14.90,$1.00,$13.90,$1.1583,Original,
3722,078250003348,Steel Reserve,Plastic Bottle,Millercoors,12,1,40,10/2/2016,12/31/2016,1,$18.93,$1.41,$17.52,$1.4600,Original,
3730,078250003829,Steel Reserve,Can,Millercoors,2,12,12,10/2/2016,12/31/2016,1,$12.15,$1.73,$10.42,$5.2100,Original,
3720,078250000361,Steel Reserve 211 Hg,Can,Millercoors,12,1,24,10/2/2016,12/31/2016,1,$14.90,$1.00,$13.90,$1.1583,Original,
923,754527000240,New Belg Fat Tire Collaboration Pack,Bottle,New Belgium Brewing,2,12,12,10/2/2016,11/26/2016,1,$28.80,$1.62,$27.18,$13.5900,Original,
923,754527000240,New Belg Fat Tire Collaboration Pack,Bottle,New Belgium Brewing,2,12,12,10/2/2016,11/26/2016,10,$28.80,$3.22,$25.58,$12.7900,Original,
923,754527000240,New Belg Fat Tire Collaboration Pack,Bottle,New Belgium Brewing,2,12,12,10/2/2016,12/31/2016,10,$28.80,$3.22,$25.58,$12.7900,Original,
923,754527000240,New Belg Fat Tire Collaboration Pack,Bottle,New Belgium Brewing,2,12,12,11/27/2016,12/31/2016,1,$28.80,$3.22,$25.58,$12.7900,Original,
827,754527001223,New Belgium 1554,Bottle,New Belgium Brewing,4,6,12,10/2/2016,10/29/2016,5,$31.98,$3.22,$28.76,$7.1900,Original,
827,754527001223,New Belgium 1554,Bottle,New Belgium Brewing,4,6,12,10/30/2016,12/3/2016,1,$31.98,$3.22,$28.76,$7.1900,Original,
827,754527001223,New Belgium 1554,Bottle,New Belgium Brewing,4,6,12,12/4/2016,12/31/2016,1,$31.98,$6.42,$25.56,$6.3900,Original,
845,754527000424,New Belgium Abbey Belgian,Bottle,New Belgium Brewing,4,6,12,10/2/2016,10/29/2016,5,$31.98,$3.22,$28.76,$7.1900,Original,
845,754527000424,New Belgium Abbey Belgian,Bottle,New Belgium Brewing,4,6,12,10/30/2016,12/3/2016,1,$31.98,$3.22,$28.76,$7.1900,Original,
845,754527000424,New Belgium Abbey Belgian,Bottle,New Belgium Brewing,4,6,12,12/4/2016,12/31/2016,1,$31.98,$6.42,$25.56,$6.3900,Original,
850,754527000820,New Belgium Accummulation White IPA,Bottle,New Belgium Brewing,4,6,12,10/2/2016,10/29/2016,5,$31.98,$3.22,$28.76,$7.1900,Original,
850,754527000820,New Belgium Accummulation White IPA,Bottle,New Belgium Brewing,4,6,12,10/30/2016,12/3/2016,1,$31.98,$3.22,$28.76,$7.1900,Original,
850,754527000820,New Belgium Accummulation White IPA,Bottle,New Belgium Brewing,4,6,12,12/4/2016,12/31/2016,1,$31.98,$6.42,$25.56,$6.3900,Original,
851,754527000844,New Belgium Accummulation White IPA,Bottle,New Belgium Brewing,2,12,12,10/2/2016,11/26/2016,1,$28.80,$1.62,$27.18,$13.5900,Original,
851,754527000844,New Belgium Accummulation White IPA,Bottle,New Belgium Brewing,2,12,12,10/2/2016,11/26/2016,10,$28.80,$3.22,$25.58,$12.7900,Original,
851,754527000844,New Belgium Accummulation White IPA,Bottle,New Belgium Brewing,2,12,12,10/2/2016,12/31/2016,10,$28.80,$3.22,$25.58,$12.7900,Original,
851,754527000844,New Belgium Accummulation White IPA,Bottle,New Belgium Brewing,2,12,12,11/27/2016,12/31/2016,1,$28.80,$3.22,$25.58,$12.7900,Original,
842,754527006136,New Belgium Citradelic IPA,Bottle,New Belgium Brewing,4,6,12,10/2/2016,10/29/2016,5,$31.98,$3.22,$28.76,$7.1900,Original,
842,754527006136,New Belgium Citradelic IPA,Bottle,New Belgium Brewing,4,6,12,10/30/2016,12/3/2016,1,$31.98,$3.22,$28.76,$7.1900,Original,
842,754527006136,New Belgium Citradelic IPA,Bottle,New Belgium Brewing,4,6,12,12/4/2016,12/31/2016,1,$31.98,$6.42,$25.56,$6.3900,Original,
858,754527006150,New Belgium Citradelic IPA,Bottle,New Belgium Brewing,2,12,12,10/2/2016,11/26/2016,1,$28.80,$1.62,$27.18,$13.5900,Original,
858,754527006150,New Belgium Citradelic IPA,Bottle,New Belgium Brewing,2,12,12,10/2/2016,11/26/2016,10,$28.80,$3.22,$25.58,$12.7900,Original,
858,754527006150,New Belgium Citradelic IPA,Bottle,New Belgium Brewing,2,12,12,10/2/2016,12/31/2016,10,$28.80,$3.22,$25.58,$12.7900,Original,
858,754527006150,New Belgium Citradelic IPA,Bottle,New Belgium Brewing,2,12,12,11/27/2016,12/31/2016,1,$28.80,$3.22,$25.58,$12.7900,Original,
831,754527000226,New Belgium Fat Tire,Bottle,New Belgium Brewing,4,6,12,10/2/2016,10/29/2016,5,$31.98,$3.22,$28.76,$7.1900,Original,
831,754527000226,New Belgium Fat Tire,Bottle,New Belgium Brewing,4,6,12,10/30/2016,12/3/2016,1,$31.98,$3.22,$28.76,$7.1900,Original,
831,754527000226,New Belgium Fat Tire,Bottle,New Belgium Brewing,4,6,12,12/4/2016,12/31/2016,1,$31.98,$6.42,$25.56,$6.3900,Original,
832,754527000240,New Belgium Fat Tire,Bottle,New Belgium Brewing,2,12,12,10/2/2016,11/26/2016,1,$28.80,$1.62,$27.18,$13.5900,Original,
833,754527001612,New Belgium Fat Tire,Bottle,New Belgium Brewing,2,12,12,10/2/2016,11/26/2016,1,$28.80,$1.62,$27.18,$13.5900,Original,
832,754527000240,New Belgium Fat Tire,Bottle,New Belgium Brewing,2,12,12,10/2/2016,11/26/2016,10,$28.80,$3.22,$25.58,$12.7900,Original,
833,754527001612,New Belgium Fat Tire,Bottle,New Belgium Brewing,2,12,12,10/2/2016,11/26/2016,10,$28.80,$3.22,$25.58,$12.7900,Original,
832,754527000240,New Belgium Fat Tire,Bottle,New Belgium Brewing,2,12,12,10/2/2016,12/31/2016,10,$28.80,$3.22,$25.58,$12.7900,Original,
833,754527001612,New Belgium Fat Tire,Bottle,New Belgium Brewing,2,12,12,10/2/2016,12/31/2016,10,$28.80,$3.22,$25.58,$12.7900,Original,
832,754527000240,New Belgium Fat Tire,Bottle,New Belgium Brewing,2,12,12,11/27/2016,12/31/2016,1,$28.80,$3.22,$25.58,$12.7900,Original,
833,754527001612,New Belgium Fat Tire,Bottle,New Belgium Brewing,2,12,12,11/27/2016,12/31/2016,1,$28.80,$3.22,$25.58,$12.7900,Original,
897,754527002015,New Belgium Folly Pack,Bottle,New Belgium Brewing,2,12,12,10/2/2016,11/26/2016,1,$28.80,$1.62,$27.18,$13.5900,Original,
907,754527004705,New Belgium Folly Pack,Can,New Belgium Brewing,2,12,12,10/2/2016,11/26/2016,1,$28.80,$1.62,$27.18,$13.5900,Original,
897,754527002015,New Belgium Folly Pack,Bottle,New Belgium Brewing,2,12,12,10/2/2016,11/26/2016,10,$28.80,$3.22,$25.58,$12.7900,Original,
907,754527004705,New Belgium Folly Pack,Can,New Belgium Brewing,2,12,12,10/2/2016,11/26/2016,10,$28.80,$3.22,$25.58,$12.7900,Original,
897,754527002015,New Belgium Folly Pack,Bottle,New Belgium Brewing,2,12,12,10/2/2016,12/31/2016,10,$28.80,$3.22,$25.58,$12.7900,Original,
907,754527004705,New Belgium Folly Pack,Can,New Belgium Brewing,2,12,12,10/2/2016,12/31/2016,10,$28.80,$3.22,$25.58,$12.7900,Original,
897,754527002015,New Belgium Folly Pack,Bottle,New Belgium Brewing,2,12,12,11/27/2016,12/31/2016,1,$28.80,$3.22,$25.58,$12.7900,Original,
907,754527004705,New Belgium Folly Pack,Can,New Belgium Brewing,2,12,12,11/27/2016,12/31/2016,1,$28.80,$3.22,$25.58,$12.7900,Original,
843,754527006051,New Belgium Glutiny Golden Ale,Bottle,New Belgium Brewing,4,6,12,10/2/2016,10/29/2016,5,$31.98,$3.22,$28.76,$7.1900,Original,
843,754527006051,New Belgium Glutiny Golden Ale,Bottle,New Belgium Brewing,4,6,12,10/30/2016,12/3/2016,1,$31.98,$3.22,$28.76,$7.1900,Original,
843,754527006051,New Belgium Glutiny Golden Ale,Bottle,New Belgium Brewing,4,6,12,12/4/2016,12/31/2016,1,$31.98,$6.42,$25.56,$6.3900,Original,
846,754527006082,New Belgium Glutiny Pale Ale,Bottle,New Belgium Brewing,4,6,12,10/2/2016,10/29/2016,5,$31.98,$3.22,$28.76,$7.1900,Original,
846,754527006082,New Belgium Glutiny Pale Ale,Bottle,New Belgium Brewing,4,6,12,10/30/2016,12/3/2016,1,$31.98,$3.22,$28.76,$7.1900,Original,
846,754527006082,New Belgium Glutiny Pale Ale,Bottle,New Belgium Brewing,4,6,12,12/4/2016,12/31/2016,1,$31.98,$6.42,$25.56,$6.3900,Original,
958,754527000820,New Belgium Long Table Farmhouse Ale,Bottle,New Belgium Brewing,4,6,12,10/2/2016,10/29/2016,5,$31.98,$3.22,$28.76,$7.1900,Original,
958,754527000820,New Belgium Long Table Farmhouse Ale,Bottle,New Belgium Brewing,4,6,12,10/30/2016,12/3/2016,1,$31.98,$3.22,$28.76,$7.1900,Original,
958,754527000820,New Belgium Long Table Farmhouse Ale,Bottle,New Belgium Brewing,4,6,12,12/4/2016,12/31/2016,1,$31.98,$6.42,$25.56,$6.3900,Original,
959,754527000844,New Belgium Long Table Farmhouse Ale,Bottle,New Belgium Brewing,2,12,12,10/2/2016,11/26/2016,1,$28.80,$1.62,$27.18,$13.5900,Original,
959,754527000844,New Belgium Long Table Farmhouse Ale,Bottle,New Belgium Brewing,2,12,12,10/2/2016,11/26/2016,10,$28.80,$3.22,$25.58,$12.7900,Original,
959,754527000844,New Belgium Long Table Farmhouse Ale,Bottle,New Belgium Brewing,2,12,12,10/2/2016,12/31/2016,10,$28.80,$3.22,$25.58,$12.7900,Original,
959,754527000844,New Belgium Long Table Farmhouse Ale,Bottle,New Belgium Brewing,2,12,12,11/27/2016,12/31/2016,1,$28.80,$3.22,$25.58,$12.7900,Original,
951,754527004217,New Belgium Rampant,Bottle,New Belgium Brewing,4,6,12,10/2/2016,10/29/2016,5,$31.98,$3.22,$28.76,$7.1900,Original,
951,754527004217,New Belgium Rampant,Bottle,New Belgium Brewing,4,6,12,10/30/2016,12/3/2016,1,$31.98,$3.22,$28.76,$7.1900,Original,
951,754527004217,New Belgium Rampant,Bottle,New Belgium Brewing,4,6,12,12/4/2016,12/31/2016,1,$31.98,$6.42,$25.56,$6.3900,Original,
860,754527000660,New Belgium Ranger IPA,Bottle,New Belgium Brewing,4,6,12,10/2/2016,10/29/2016,5,$31.98,$3.22,$28.76,$7.1900,Original,
860,754527000660,New Belgium Ranger IPA,Bottle,New Belgium Brewing,4,6,12,10/30/2016,12/3/2016,1,$31.98,$3.22,$28.76,$7.1900,Original,
860,754527000660,New Belgium Ranger IPA,Bottle,New Belgium Brewing,4,6,12,12/4/2016,12/31/2016,1,$31.98,$6.42,$25.56,$6.3900,Original,
861,754527000684,New Belgium Ranger IPA,Bottle,New Belgium Brewing,2,12,12,10/2/2016,11/26/2016,1,$28.80,$1.62,$27.18,$13.5900,Original,
863,754527003623,New Belgium Ranger IPA,Can,New Belgium Brewing,2,12,12,10/2/2016,11/26/2016,1,$28.80,$1.62,$27.18,$13.5900,Original,
861,754527000684,New Belgium Ranger IPA,Bottle,New Belgium Brewing,2,12,12,10/2/2016,11/26/2016,10,$28.80,$3.22,$25.58,$12.7900,Original,
863,754527003623,New Belgium Ranger IPA,Can,New Belgium Brewing,2,12,12,10/2/2016,11/26/2016,10,$28.80,$3.22,$25.58,$12.7900,Original,
861,754527000684,New Belgium Ranger IPA,Bottle,New Belgium Brewing,2,12,12,10/2/2016,12/31/2016,10,$28.80,$3.22,$25.58,$12.7900,Original,
863,754527003623,New Belgium Ranger IPA,Can,New Belgium Brewing,2,12,12,10/2/2016,12/31/2016,10,$28.80,$3.22,$25.58,$12.7900,Original,
861,754527000684,New Belgium Ranger IPA,Bottle,New Belgium Brewing,2,12,12,11/27/2016,12/31/2016,1,$28.80,$3.22,$25.58,$12.7900,Original,
863,754527003623,New Belgium Ranger IPA,Can,New Belgium Brewing,2,12,12,11/27/2016,12/31/2016,1,$28.80,$3.22,$25.58,$12.7900,Original,
822,754527004170,New Belgium Shift,Can,New Belgium Brewing,2,12,12,10/2/2016,11/26/2016,1,$28.80,$1.62,$27.18,$13.5900,Original,
822,754527004170,New Belgium Shift,Can,New Belgium Brewing,2,12,12,10/2/2016,11/26/2016,10,$28.80,$3.22,$25.58,$12.7900,Original,
822,754527004170,New Belgium Shift,Can,New Belgium Brewing,2,12,12,10/2/2016,12/31/2016,10,$28.80,$3.22,$25.58,$12.7900,Original,
822,754527004170,New Belgium Shift,Can,New Belgium Brewing,2,12,12,11/27/2016,12/31/2016,1,$28.80,$3.22,$25.58,$12.7900,Original,
908,754527005368,New Belgium Slow Ride Session IPA,Bottle,New Belgium Brewing,4,6,12,10/2/2016,10/29/2016,5,$31.98,$3.22,$28.76,$7.1900,Original,
908,754527005368,New Belgium Slow Ride Session IPA,Bottle,New Belgium Brewing,4,6,12,10/30/2016,12/3/2016,1,$31.98,$3.22,$28.76,$7.1900,Original,
908,754527005368,New Belgium Slow Ride Session IPA,Bottle,New Belgium Brewing,4,6,12,12/4/2016,12/31/2016,1,$31.98,$6.42,$25.56,$6.3900,Original,
902,754527004439,New Belgium Snapshot Wheat,Bottle,New Belgium Brewing,4,6,12,10/2/2016,10/29/2016,5,$31.98,$3.22,$28.76,$7.1900,Original,
902,754527004439,New Belgium Snapshot Wheat,Bottle,New Belgium Brewing,4,6,12,10/30/2016,12/3/2016,1,$31.98,$3.22,$28.76,$7.1900,Original,
902,754527004439,New Belgium Snapshot Wheat,Bottle,New Belgium Brewing,4,6,12,12/4/2016,12/31/2016,1,$31.98,$6.42,$25.56,$6.3900,Original,
855,754527000523,New Belgium Trippel Belgian Ale,Bottle,New Belgium Brewing,4,6,12,10/2/2016,10/29/2016,5,$31.98,$3.22,$28.76,$7.1900,Original,
855,754527000523,New Belgium Trippel Belgian Ale,Bottle,New Belgium Brewing,4,6,12,10/30/2016,12/3/2016,1,$31.98,$3.22,$28.76,$7.1900,Original,
855,754527000523,New Belgium Trippel Belgian Ale,Bottle,New Belgium Brewing,4,6,12,12/4/2016,12/31/2016,1,$31.98,$6.42,$25.56,$6.3900,Original,
3800,062067051722,Labatt Blue,Bottle,North American Breweries,4,6,11.5,10/2/2016,10/29/2016,1,$23.98,$3.22,$20.76,$5.1900,Original,
3801,062067051555,Labatt Blue,Bottle,North American Breweries,2,12,11.5,10/2/2016,12/31/2016,1,$22.38,$3.20,$19.18,$9.5900,Original,
3806,062067049729,Labatt Blue Light,Bottle,North American Breweries,4,6,11.5,10/2/2016,10/29/2016,1,$23.98,$3.22,$20.76,$5.1900,Original,
3803,062067049552,Labatt Blue Light,Bottle,North American Breweries,2,12,11.5,10/2/2016,12/31/2016,1,$22.38,$3.20,$19.18,$9.5900,Original,
5352,798373126020,Magic Hat #9,Bottle,North American Breweries,4,6,12,10/2/2016,10/29/2016,1,$31.98,$3.20,$28.78,$7.1950,Original,
5352,798373126020,Magic Hat #9,Bottle,North American Breweries,4,6,12,12/4/2016,12/31/2016,1,$31.98,$3.20,$28.78,$7.1950,Original,
5353,798373121230,Magic Hat #9,Bottle,North American Breweries,2,12,12,10/2/2016,12/31/2016,1,$27.18,$4.80,$22.38,$11.1900,Original,
5358,798373300321,Magic Hat Ele Peel,Bottle,North American Breweries,4,6,12,10/2/2016,10/29/2016,1,$31.98,$3.20,$28.78,$7.1950,Original,
5358,798373300321,Magic Hat Ele Peel,Bottle,North American Breweries,4,6,12,12/4/2016,12/31/2016,1,$31.98,$3.20,$28.78,$7.1950,Original,
5357,798373126068,Magic Hat Spring,Bottle,North American Breweries,4,6,12,10/2/2016,10/29/2016,1,$31.98,$3.20,$28.78,$7.1950,Original,
5357,798373126068,Magic Hat Spring,Bottle,North American Breweries,4,6,12,12/4/2016,12/31/2016,1,$31.98,$3.20,$28.78,$7.1950,Original,
5350,798373126068,Magic Hat Summer,Bottle,North American Breweries,4,6,12,10/2/2016,10/29/2016,1,$31.98,$3.20,$28.78,$7.1950,Original,
5350,798373126068,Magic Hat Summer,Bottle,North American Breweries,4,6,12,12/4/2016,12/31/2016,1,$31.98,$3.20,$28.78,$7.1950,Original,
5355,798373126068,Magic Hat Vamplifier,Bottle,North American Breweries,4,6,12,10/2/2016,10/29/2016,1,$31.98,$3.20,$28.78,$7.1950,Original,
5355,798373126068,Magic Hat Vamplifier,Bottle,North American Breweries,4,6,12,12/4/2016,12/31/2016,1,$31.98,$3.20,$28.78,$7.1950,Original,
5354,798373121254,Magic Hat Variety,Bottle,North American Breweries,2,12,12,10/2/2016,12/31/2016,1,$27.18,$4.80,$22.38,$11.1900,Original,
5356,798373126068,Magic Hat Winter,Bottle,North American Breweries,4,6,12,10/2/2016,10/29/2016,1,$31.98,$3.20,$28.78,$7.1950,Original,
5356,798373126068,Magic Hat Winter,Bottle,North American Breweries,4,6,12,12/4/2016,12/31/2016,1,$31.98,$3.20,$28.78,$7.1950,Original,
6025,080432802908,Seagram's Variety,Bottle,North American Breweries,2,12,11.2,10/2/2016,12/31/2016,1,$20.40,$2.40,$18.00,$9.0000,Original,
6028,070310012444,Seagram's Variety,Can,North American Breweries,2,12,12,10/2/2016,12/31/2016,1,$20.40,$2.40,$18.00,$9.0000,Original,
2233,819942000401,Oskar Blues BEERito Mexican Lager,Can,Oskar Blues,4,6,12,10/2/2016,10/29/2016,1,$31.96,$3.20,$28.76,$7.1900,Original,
2233,819942000401,Oskar Blues BEERito Mexican Lager,Can,Oskar Blues,4,6,12,12/4/2016,12/31/2016,1,$31.96,$3.20,$28.76,$7.1900,Original,
2215,819942000036,Oskar Blues Dale's Pale Ale,Can,Oskar Blues,4,6,12,10/2/2016,10/29/2016,1,$31.96,$3.20,$28.76,$7.1900,Original,
2215,819942000036,Oskar Blues Dale's Pale Ale,Can,Oskar Blues,4,6,12,12/4/2016,12/31/2016,1,$31.96,$3.20,$28.76,$7.1900,Original,
2226,819942000272,Oskar Blues IPA,Can,Oskar Blues,4,6,12,10/2/2016,10/29/2016,1,$31.96,$3.20,$28.76,$7.1900,Original,
2226,819942000272,Oskar Blues IPA,Can,Oskar Blues,4,6,12,12/4/2016,12/31/2016,1,$31.96,$3.20,$28.76,$7.1900,Original,
2225,819942000111,Oskar Blues Mama's Little Yella Pils,Can,Oskar Blues,4,6,12,10/2/2016,10/29/2016,1,$31.96,$3.20,$28.76,$7.1900,Original,
2225,819942000111,Oskar Blues Mama's Little Yella Pils,Can,Oskar Blues,4,6,12,12/4/2016,12/31/2016,1,$31.96,$3.20,$28.76,$7.1900,Original,
2218,819942000067,Oskar Blues Old Chub,Can,Oskar Blues,4,6,12,10/2/2016,10/29/2016,1,$31.96,$3.20,$28.76,$7.1900,Original,
2218,819942000067,Oskar Blues Old Chub,Can,Oskar Blues,4,6,12,12/4/2016,12/31/2016,1,$31.96,$3.20,$28.76,$7.1900,Original,
2235,819942000456,Oskar Blues Passionfruit Pinner IPA,Can,Oskar Blues,4,6,12,10/2/2016,10/29/2016,1,$31.96,$3.20,$28.76,$7.1900,Original,
2235,819942000456,Oskar Blues Passionfruit Pinner IPA,Can,Oskar Blues,4,6,12,12/4/2016,12/31/2016,1,$31.96,$3.20,$28.76,$7.1900,Original,
2224,819942000234,Oskar Blues Pinner IPA,Can,Oskar Blues,4,6,12,10/2/2016,10/29/2016,1,$31.96,$3.20,$28.76,$7.1900,Original,
2224,819942000234,Oskar Blues Pinner IPA,Can,Oskar Blues,4,6,12,12/4/2016,12/31/2016,1,$31.96,$3.20,$28.76,$7.1900,Original,
2234,819942000432,Oskar Blues Priscilla White Wit Wheat,Can,Oskar Blues,4,6,12,10/2/2016,10/29/2016,1,$31.96,$3.20,$28.76,$7.1900,Original,
2234,819942000432,Oskar Blues Priscilla White Wit Wheat,Can,Oskar Blues,4,6,12,12/4/2016,12/31/2016,1,$31.96,$3.20,$28.76,$7.1900,Original,
3036,022100002883,Pabst Blue Ribbon,Bottle,Pabst,2,12,12,10/2/2016,12/31/2016,5,$15.15,$0.39,$14.76,$7.3800,Original,
3040,022100001701,Pabst Blue Ribbon,Can,Pabst,2,12,12,10/2/2016,12/31/2016,5,$15.00,$1.11,$13.89,$6.9450,Original,
770,052300012900,Schlitz,Bottle,Pabst,4,6,12,10/2/2016,12/31/2016,1,$22.36,$4.52,$17.84,$4.4600,Original,
3175,186682000177,RJ Rockers Bell Ringer,Bottle,Rj Rockers Brewing Co,4,6,12,10/2/2016,10/29/2016,1,$31.96,$3.20,$28.76,$7.1900,Original,
3167,186682000610,RJ Rockers Brown Eyed Squirrel,Bottle,Rj Rockers Brewing Co,4,6,12,10/2/2016,10/29/2016,1,$31.96,$3.20,$28.76,$7.1900,Original,
3170,186682000368,RJ Rockers Dunkulele Dark Wheat Ale,Bottle,Rj Rockers Brewing Co,4,6,12,10/2/2016,10/29/2016,1,$31.96,$3.20,$28.76,$7.1900,Original,
3171,186682000368,RJ Rockers First Snow,Bottle,Rj Rockers Brewing Co,4,6,12,10/2/2016,10/29/2016,1,$31.96,$3.20,$28.76,$7.1900,Original,
3156,186682000368,RJ Rockers Good Boy Stout,Bottle,Rj Rockers Brewing Co,4,6,12,10/2/2016,10/29/2016,1,$31.96,$3.20,$28.76,$7.1900,Original,
3194,186682000788,RJ Rockers Hop Quake IPA,Bottle,Rj Rockers Brewing Co,4,6,12,10/2/2016,10/29/2016,1,$31.96,$3.20,$28.76,$7.1900,Original,
3184,186682000238,RJ Rockers Son Of A Peach,Bottle,Rj Rockers Brewing Co,4,6,12,10/2/2016,10/29/2016,1,$31.96,$3.20,$28.76,$7.1900,Original,
3185,186682000443,RJ Rockers Son Of A Peach,Can,Rj Rockers Brewing Co,4,6,12,10/2/2016,10/29/2016,1,$31.96,$3.20,$28.76,$7.1900,Original,
3162,186682000368,RJ Rockers Strawberry Bomber,Bottle,Rj Rockers Brewing Co,4,6,12,10/2/2016,10/29/2016,1,$31.96,$3.20,$28.76,$7.1900,Original,
3158,186682000429,RJ Rockers Witty Twister,Bottle,Rj Rockers Brewing Co,4,6,12,10/2/2016,10/29/2016,1,$31.96,$3.20,$28.76,$7.1900,Original,
8600,631234300026,Sweetwater 420,Bottle,Sweetwater Brewing Co,4,6,12,11/6/2016,12/3/2016,1,$31.96,$3.20,$28.76,$7.1900,Original,
8627,631234121126,Sweetwater 420,Can,Sweetwater Brewing Co,4,6,12,11/6/2016,12/3/2016,1,$31.96,$3.20,$28.76,$7.1900,Original,
8601,631234100046,Sweetwater 420,Bottle,Sweetwater Brewing Co,2,12,12,10/23/2016,12/31/2016,1,$28.78,$3.20,$25.58,$12.7900,Original,
8602,631234121133,Sweetwater 420,Can,Sweetwater Brewing Co,2,12,12,10/23/2016,12/31/2016,1,$28.78,$3.20,$25.58,$12.7900,Original,
8603,631234161115,Sweetwater 420,Can,Sweetwater Brewing Co,1,24,16,10/2/2016,12/31/2016,1,$35.30,$6.80,$28.50,$28.5000,Original,
8604,631234200029,Sweetwater Blue,Bottle,Sweetwater Brewing Co,4,6,12,11/6/2016,12/3/2016,1,$31.96,$3.20,$28.76,$7.1900,Original,
8633,631234200050,Sweetwater Georgia Brown,Bottle,Sweetwater Brewing Co,4,6,12,11/6/2016,12/3/2016,1,$31.96,$3.20,$28.76,$7.1900,Original,
8636,631234601116,SweetWater Goin' Coastal,Can,Sweetwater Brewing Co,1,24,16,10/2/2016,12/31/2016,1,$35.30,$6.80,$28.50,$28.5000,Original,
8632,631234600027,Sweetwater Hash Brown,Bottle,Sweetwater Brewing Co,4,6,12,11/6/2016,12/3/2016,1,$31.96,$3.20,$28.76,$7.1900,Original,
8631,631234600027,Sweetwater Hash Session IPA,Bottle,Sweetwater Brewing Co,4,6,12,11/6/2016,12/3/2016,1,$31.96,$3.20,$28.76,$7.1900,Original,
8608,631234400030,Sweetwater IPA,Bottle,Sweetwater Brewing Co,4,6,12,11/6/2016,12/3/2016,1,$31.96,$3.20,$28.76,$7.1900,Original,
8630,631234421127,Sweetwater IPA,Can,Sweetwater Brewing Co,4,6,12,11/6/2016,12/3/2016,1,$31.96,$3.20,$28.76,$7.1900,Original,
8610,631234421134,Sweetwater IPA,Can,Sweetwater Brewing Co,2,12,12,10/23/2016,12/31/2016,1,$28.78,$3.20,$25.58,$12.7900,Original,
8613,631234600027,Sweetwater Road Trip,Bottle,Sweetwater Brewing Co,4,6,12,11/6/2016,12/3/2016,1,$31.96,$3.20,$28.76,$7.1900,Original,
8615,631234600027,Sweetwater Spinnerbait,Bottle,Sweetwater Brewing Co,4,6,12,11/6/2016,12/3/2016,1,$31.96,$3.20,$28.76,$7.1900,Original,
8611,631234400047,Sweetwater Tackle Box,Bottle,Sweetwater Brewing Co,2,12,12,10/23/2016,12/31/2016,1,$28.78,$3.20,$25.58,$12.7900,Original,
8628,631234441132,Sweetwater Tackle Box,Can,Sweetwater Brewing Co,2,12,12,10/23/2016,12/31/2016,1,$28.78,$3.20,$25.58,$12.7900,Original,
8618,631234600027,Sweetwater Waterkeeper,Bottle,Sweetwater Brewing Co,4,6,12,11/6/2016,12/3/2016,1,$31.96,$3.20,$28.76,$7.1900,Original,
8624,631234600027,Sweetwater Whiplash White,Bottle,Sweetwater Brewing Co,4,6,12,11/6/2016,12/3/2016,1,$31.96,$3.20,$28.76,$7.1900,Original,
4301,763963314118,Banks Caribbean Lager,Bottle,Total Beverage Solution,4,6,11.2,10/2/2016,12/31/2016,5,$31.96,$6.40,$25.56,$6.3900,Original,